1436,1862,651,3492,5109,4769,1832,2143,5982,3911,0,0,0,0,0,0,0,0,0,0,0,0,0,0,0,0,0,0,0,0,0,0,0,0,0,0,0,0,0,0,0,0,0,0,0,0,0,0,0,0,0,0,0,0,0,0,0,0,0,1.8641948455686534,1.8151359696124099,1.8800544302857325,0.0,9209.0,534.0487689971924,0.40575184222187965
2573,4001,2882,8176,7459,8710,5917,5497,9939,8520,0,0,0,0,0,0,0,0,0,0,0,0,0,0,0,0,0,0,0,0,0,0,0,0,0,0,0,0,0,0,0,0,0,0,0,0,0,0,0,0,0,0,0,0,0,0,0,0,0,6.155696612165647,5.260960328491549,5.469198612186867,0.0,18049.5,891.9137744903564,0.2851210604029401
11337,17474,2630,13707,6747,21066,9359,18127,38657,33443,0,0,0,0,0,0,0,0,0,0,0,0,0,0,0,0,0,0,0,0,0,0,0,0,0,0,0,0,0,0,0,0,0,0,0,0,0,0,0,0,0,0,0,0,0,0,0,0,0,48.31097677428939,49.34814427739287,67.45500748018547,0.0,62020.0,4511.07469701767,0.038298484504980995
267,413,311,1189,2264,1569,525,327,262,636,0,0,0,0,0,0,0,0,0,0,0,0,0,0,0,0,0,0,0,0,0,0,0,0,0,0,0,0,0,0,0,0,0,0,0,0,0,0,0,0,0,0,0,0,0,0,0,0,0,9.118930041152264,7.678158436213993,9.483683127572018,0.0,3656.0,421.0782068967819,0.25911378679173797
3019,4287,956,3461,2450,5186,2447,3980,6579,7393,0,0,0,0,0,0,0,0,0,0,0,0,0,0,0,0,0,0,0,0,0,0,0,0,0,0,0,0,0,0,0,0,0,0,0,0,0,0,0,0,0,0,0,0,0,0,0,0,0,66.09804526748972,66.00424897119342,81.99390946502058,0.0,19547.5,2358.642906188965,0.044154675430523635
13909,15992,2818,11140,5412,17545,8580,18656,48576,32472,0,0,0,0,0,0,0,0,0,0,0,0,0,0,0,0,0,0,0,0,0,0,0,0,0,0,0,0,0,0,0,0,0,0,0,0,0,0,0,0,0,0,0,0,0,0,0,0,0,71.41613438869378,77.20382709630871,86.8705317828306,0.0,164228.5,7340.286143898964,0.0383029664292001
12473,15218,3488,12793,7900,19707,9564,18691,42536,30313,0,0,0,0,0,0,0,0,0,0,0,0,0,0,0,0,0,0,0,0,0,0,0,0,0,0,0,0,0,0,0,0,0,0,0,0,0,0,0,0,0,0,0,0,0,0,0,0,0,68.60700378783861,63.74706628187037,84.1541422190156,0.0,93256.5,2583.759778022766,0.1755434824179643
5274,7021,3848,8983,9519,11461,7404,8519,10501,14597,0,0,0,0,0,0,0,0,0,0,0,0,0,0,0,0,0,0,0,0,0,0,0,0,0,0,0,0,0,0,0,0,0,0,0,0,0,0,0,0,0,0,0,0,0,0,0,0,0,29.209092404163442,25.82768517437851,32.62294825409288,0.0,58308.5,3182.259339570999,0.07235534084986145
2846,3831,1157,7537,14305,12389,3689,4228,22095,7159,0,0,0,0,0,0,0,0,0,0,0,0,0,0,0,0,0,0,0,0,0,0,0,0,0,0,0,0,0,0,0,0,0,0,0,0,0,0,0,0,0,0,0,0,0,0,0,0,0,5.789907585226369,5.320868125921761,8.973233137752125,0.0,47114.5,2240.5554708242416,0.11793780743602841
7794,11058,9020,22515,33653,31667,16321,15140,17798,21623,0,0,0,0,0,0,0,0,0,0,0,0,0,0,0,0,0,0,0,0,0,0,0,0,0,0,0,0,0,0,0,0,0,0,0,0,0,0,0,0,0,0,0,0,0,0,0,0,0,87.05633481522351,76.61395346369723,87.32762681832169,0.0,185530.5,2393.069312810898,0.40711267477817126
1210,1917,724,2567,3676,4442,1906,2168,3049,3480,0,0,0,0,0,0,0,0,0,0,0,0,0,0,0,0,0,0,0,0,0,0,0,0,0,0,0,0,0,0,0,0,0,0,0,0,0,0,0,0,0,0,0,0,0,0,0,0,0,39.729732510288066,43.33534979423869,57.14989711934157,0.0,15735.5,1218.3056911230087,0.13322258780066945
328,599,421,2161,2747,2635,992,564,726,1008,0,0,0,0,0,0,0,0,0,0,0,0,0,0,0,0,0,0,0,0,0,0,0,0,0,0,0,0,0,0,0,0,0,0,0,0,0,0,0,0,0,0,0,0,0,0,0,0,0,2.088422688834895,1.904563974153572,2.2940084244925676,0.0,4624.0,356.65180110931396,0.45681341202253234
1483,1908,899,3397,4765,4530,2197,2273,5115,4168,0,0,0,0,0,0,0,0,0,0,0,0,0,0,0,0,0,0,0,0,0,0,0,0,0,0,0,0,0,0,0,0,0,0,0,0,0,0,0,0,0,0,0,0,0,0,0,0,0,2.0501888614202803,1.9154500313000669,2.320191726172161,0.0,8060.0,538.0487695932388,0.34986590403534146
2215,3146,509,6619,13167,10366,2285,4040,20993,6803,0,0,0,0,0,0,0,0,0,0,0,0,0,0,0,0,0,0,0,0,0,0,0,0,0,0,0,0,0,0,0,0,0,0,0,0,0,0,0,0,0,0,0,0,0,0,0,0,0,3.5135810459527423,3.9034499039777613,4.515469660155546,0.0,43275.5,1918.3889516592026,0.14776739909388178
445,1034,1039,6029,5356,5820,3380,2628,2303,1989,0,0,0,0,0,0,0,0,0,0,0,0,0,0,0,0,0,0,0,0,0,0,0,0,0,0,0,0,0,0,0,0,0,0,0,0,0,0,0,0,0,0,0,0,0,0,0,0,0,4.06353648314571,3.7173259132722896,3.9656839860369875,0.0,9377.0,534.3919161558151,0.41262355865780914
457,821,813,4998,4649,4727,2584,1752,2159,1402,0,0,0,0,0,0,0,0,0,0,0,0,0,0,0,0,0,0,0,0,0,0,0,0,0,0,0,0,0,0,0,0,0,0,0,0,0,0,0,0,0,0,0,0,0,0,0,0,0,2.442845547432864,2.842337849738459,3.491082133497438,0.0,7031.5,471.8650040626526,0.39684627401418515
164,206,126,503,1511,1287,270,201,177,347,0,0,0,0,0,0,0,0,0,0,0,0,0,0,0,0,0,0,0,0,0,0,0,0,0,0,0,0,0,0,0,0,0,0,0,0,0,0,0,0,0,0,0,0,0,0,0,0,0,4.976543209876543,5.64929012345679,8.840267489711934,0.0,4627.5,390.23253560066223,0.38186454720586377
1887,2676,1197,3723,4323,6384,2860,2941,3544,4564,0,0,0,0,0,0,0,0,0,0,0,0,0,0,0,0,0,0,0,0,0,0,0,0,0,0,0,0,0,0,0,0,0,0,0,0,0,0,0,0,0,0,0,0,0,0,0,0,0,49.6643621399177,55.06196502057614,75.31621399176956,0.0,22871.5,1723.6092936992645,0.09674462776718713
3678,5922,4786,18471,30126,30723,11972,11895,15689,12713,0,0,0,0,0,0,0,0,0,0,0,0,0,0,0,0,0,0,0,0,0,0,0,0,0,0,0,0,0,0,0,0,0,0,0,0,0,0,0,0,0,0,0,0,0,0,0,0,0,70.97818279239037,63.341183991342085,73.31930842767562,0.0,145345.0,1502.2438502311707,0.8093364323656465
1739,2794,1867,10753,15140,14414,5060,4226,31754,6278,0,0,0,0,0,0,0,0,0,0,0,0,0,0,0,0,0,0,0,0,0,0,0,0,0,0,0,0,0,0,0,0,0,0,0,0,0,0,0,0,0,0,0,0,0,0,0,0,0,6.67839977081985,6.849717238379188,7.411694023278762,0.0,75667.0,3270.9545270204544,0.08887249373668284
881,1810,1194,7361,7928,9165,4261,3354,2886,3410,0,0,0,0,0,0,0,0,0,0,0,0,0,0,0,0,0,0,0,0,0,0,0,0,0,0,0,0,0,0,0,0,0,0,0,0,0,0,0,0,0,0,0,0,0,0,0,0,0,10.579841695933114,12.20241328820465,13.197389362221351,0.0,13593.0,652.038663983345,0.4017709048643972
430,742,707,4775,4616,4494,2392,1693,2223,1323,0,0,0,0,0,0,0,0,0,0,0,0,0,0,0,0,0,0,0,0,0,0,0,0,0,0,0,0,0,0,0,0,0,0,0,0,0,0,0,0,0,0,0,0,0,0,0,0,0,2.2596340544727265,2.4130043820093583,3.178821525957835,0.0,7568.5,463.5218585729599,0.4426691338202174
5244,7564,5106,17294,29040,29401,12494,12450,17522,14304,0,0,0,0,0,0,0,0,0,0,0,0,0,0,0,0,0,0,0,0,0,0,0,0,0,0,0,0,0,0,0,0,0,0,0,0,0,0,0,0,0,0,0,0,0,0,0,0,0,73.13392449787266,71.40941283196639,76.6132823690437,0.0,149627.5,1923.6235744953156,0.5081373309931767
8697,12804,2038,9837,13339,15179,6004,9449,74644,22364,0,0,0,0,0,0,0,0,0,0,0,0,0,0,0,0,0,0,0,0,0,0,0,0,0,0,0,0,0,0,0,0,0,0,0,0,0,0,0,0,0,0,0,0,0,0,0,0,0,3.770793324067099,3.190673110590033,4.21884582329786,0.0,375769.0,2452.0,0.7853981633974483
3435,5664,2396,12294,20066,21019,8366,10743,18675,12199,0,0,0,0,0,0,0,0,0,0,0,0,0,0,0,0,0,0,0,0,0,0,0,0,0,0,0,0,0,0,0,0,0,0,0,0,0,0,0,0,0,0,0,0,0,0,0,0,0,53.76190994068903,55.15376820974228,62.30744358030324,0.0,114313.0,1277.3666553497314,0.8803884500075279
645,807,307,1552,2272,3174,1118,1298,1533,1497,0,0,0,0,0,0,0,0,0,0,0,0,0,0,0,0,0,0,0,0,0,0,0,0,0,0,0,0,0,0,0,0,0,0,0,0,0,0,0,0,0,0,0,0,0,0,0,0,0,22.415041152263377,23.02752057613169,28.926080246913582,0.0,11615.0,738.7493418455124,0.267445234763999
7240,10140,2989,11033,9065,18511,9288,14544,27371,20170,0,0,0,0,0,0,0,0,0,0,0,0,0,0,0,0,0,0,0,0,0,0,0,0,0,0,0,0,0,0,0,0,0,0,0,0,0,0,0,0,0,0,0,0,0,0,0,0,0,47.30375123343484,51.267374189646574,64.85102759710979,0.0,120522.0,3238.4431064128876,0.144412122337597
1421,2332,1568,5558,7359,9629,3884,3825,4734,4287,0,0,0,0,0,0,0,0,0,0,0,0,0,0,0,0,0,0,0,0,0,0,0,0,0,0,0,0,0,0,0,0,0,0,0,0,0,0,0,0,0,0,0,0,0,0,0,0,0,85.40791152263375,88.27233539094651,102.53826131687244,0.0,43563.5,1377.7270441055298,0.28840730866747083
5003,7673,4614,12763,18314,16965,9999,10893,16071,15988,0,0,0,0,0,0,0,0,0,0,0,0,0,0,0,0,0,0,0,0,0,0,0,0,0,0,0,0,0,0,0,0,0,0,0,0,0,0,0,0,0,0,0,0,0,0,0,0,0,64.93642638118176,61.83671710044669,64.76302401086484,0.0,117728.5,1302.094577074051,0.8725823302828577
1964,3034,1230,3990,3820,6247,3036,3745,5250,5494,0,0,0,0,0,0,0,0,0,0,0,0,0,0,0,0,0,0,0,0,0,0,0,0,0,0,0,0,0,0,0,0,0,0,0,0,0,0,0,0,0,0,0,0,0,0,0,0,0,58.838240740740744,54.255915637860085,76.31692386831277,0.0,32064.5,1700.452000617981,0.13934955342832864
4110,5895,998,7993,19193,15916,3829,5800,49770,10047,0,0,0,0,0,0,0,0,0,0,0,0,0,0,0,0,0,0,0,0,0,0,0,0,0,0,0,0,0,0,0,0,0,0,0,0,0,0,0,0,0,0,0,0,0,0,0,0,0,4.807122621990684,5.290066738108627,8.470461225052786,0.0,375769.0,2452.0,0.7853981633974483
7557,11662,3304,13118,14393,18683,8292,10215,55353,22846,0,0,0,0,0,0,0,0,0,0,0,0,0,0,0,0,0,0,0,0,0,0,0,0,0,0,0,0,0,0,0,0,0,0,0,0,0,0,0,0,0,0,0,0,0,0,0,0,0,6.301294973951979,5.087366974715913,5.542223259663233,0.0,375769.0,2452.0,0.7853981633974483
9532,14638,6751,19943,21261,26534,14246,17635,26782,30631,0,0,0,0,0,0,0,0,0,0,0,0,0,0,0,0,0,0,0,0,0,0,0,0,0,0,0,0,0,0,0,0,0,0,0,0,0,0,0,0,0,0,0,0,0,0,0,0,0,84.87887139386095,76.50507697694405,84.09634850237138,0.0,155548.5,7519.183550357819,0.03457278126348442
1614,2197,550,5729,9311,7756,2321,2796,13990,4470,0,0,0,0,0,0,0,0,0,0,0,0,0,0,0,0,0,0,0,0,0,0,0,0,0,0,0,0,0,0,0,0,0,0,0,0,0,0,0,0,0,0,0,0,0,0,0,0,0,3.125568971554075,3.361515772050632,3.5904280151513546,0.0,13384.5,676.0903993844986,0.36796158272662544
3858,5244,1784,7397,10165,9990,4670,5342,17375,12024,0,0,0,0,0,0,0,0,0,0,0,0,0,0,0,0,0,0,0,0,0,0,0,0,0,0,0,0,0,0,0,0,0,0,0,0,0,0,0,0,0,0,0,0,0,0,0,0,0,3.890834385510722,3.597425436874662,4.280074589650819,0.0,47940.0,2025.2590070962906,0.1468746176614476
2299,3062,1917,6070,11342,10721,4348,3858,4288,5658,0,0,0,0,0,0,0,0,0,0,0,0,0,0,0,0,0,0,0,0,0,0,0,0,0,0,0,0,0,0,0,0,0,0,0,0,0,0,0,0,0,0,0,0,0,0,0,0,0,8.797448779297394,8.081133486827447,18.514634107523687,0.0,41219.0,1508.302725315094,0.22768283153480115
385,647,488,2202,2615,2605,1173,796,1209,1146,0,0,0,0,0,0,0,0,0,0,0,0,0,0,0,0,0,0,0,0,0,0,0,0,0,0,0,0,0,0,0,0,0,0,0,0,0,0,0,0,0,0,0,0,0,0,0,0,0,1.6420121168394362,1.3455660007002728,2.0048462052647773,0.0,6945.0,485.4213536977768,0.3703772988042975
2040,3066,1539,4164,4724,5602,2922,3055,3512,5388,0,0,0,0,0,0,0,0,0,0,0,0,0,0,0,0,0,0,0,0,0,0,0,0,0,0,0,0,0,0,0,0,0,0,0,0,0,0,0,0,0,0,0,0,0,0,0,0,0,40.90404320987655,42.132345679012346,64.32608024691359,0.0,13706.0,886.7249569892883,0.219049732762006
2362,3198,887,4208,2855,6389,2872,5124,10106,5909,0,0,0,0,0,0,0,0,0,0,0,0,0,0,0,0,0,0,0,0,0,0,0,0,0,0,0,0,0,0,0,0,0,0,0,0,0,0,0,0,0,0,0,0,0,0,0,0,0,84.48910493827161,78.60247942386832,97.58224279835392,0.0,42878.0,2413.454088330269,0.09250523288941326
4752,6531,2195,11237,17914,19410,7774,11884,24937,13201,0,0,0,0,0,0,0,0,0,0,0,0,0,0,0,0,0,0,0,0,0,0,0,0,0,0,0,0,0,0,0,0,0,0,0,0,0,0,0,0,0,0,0,0,0,0,0,0,0,65.31420227270316,62.849603178813574,66.51835297987247,0.0,119268.0,1310.5382268428802,0.8726385889849111
9897,11233,2266,11638,16222,18695,8855,16356,44667,23516,0,0,0,0,0,0,0,0,0,0,0,0,0,0,0,0,0,0,0,0,0,0,0,0,0,0,0,0,0,0,0,0,0,0,0,0,0,0,0,0,0,0,0,0,0,0,0,0,0,85.4394794639731,85.4583921314815,86.70824093624336,0.0,162683.5,1540.6875021457672,0.8612401185381708
15036,19026,5375,12780,8749,17598,11081,19254,32887,39728,0,0,0,0,0,0,0,0,0,0,0,0,0,0,0,0,0,0,0,0,0,0,0,0,0,0,0,0,0,0,0,0,0,0,0,0,0,0,0,0,0,0,0,0,0,0,0,0,0,74.99590446582988,74.24840316608135,82.91239694850874,0.0,115147.5,7097.869844079018,0.028721579180055683
1231,1940,1210,7278,8987,8790,3667,3012,9772,3700,0,0,0,0,0,0,0,0,0,0,0,0,0,0,0,0,0,0,0,0,0,0,0,0,0,0,0,0,0,0,0,0,0,0,0,0,0,0,0,0,0,0,0,0,0,0,0,0,0,4.2703874842173395,4.53677492599391,5.840332523421999,0.0,14161.0,692.8183225393295,0.3707362540285511
10621,12873,3131,9819,5755,14626,7646,14697,32491,25709,0,0,0,0,0,0,0,0,0,0,0,0,0,0,0,0,0,0,0,0,0,0,0,0,0,0,0,0,0,0,0,0,0,0,0,0,0,0,0,0,0,0,0,0,0,0,0,0,0,59.729591295398365,58.69935224776921,70.11539114473364,0.0,112762.5,2898.6958515644073,0.16864336602472768
710,1041,309,1495,1372,2411,1178,1578,2286,1949,0,0,0,0,0,0,0,0,0,0,0,0,0,0,0,0,0,0,0,0,0,0,0,0,0,0,0,0,0,0,0,0,0,0,0,0,0,0,0,0,0,0,0,0,0,0,0,0,0,24.582808641975312,21.05342592592593,31.88070987654321,0.0,13718.0,862.288445353508,0.23184382291057318
7116,12518,2878,15050,12506,25801,11979,15025,27331,22821,0,0,0,0,0,0,0,0,0,0,0,0,0,0,0,0,0,0,0,0,0,0,0,0,0,0,0,0,0,0,0,0,0,0,0,0,0,0,0,0,0,0,0,0,0,0,0,0,0,60.95547432864009,61.80279631614129,72.5283822640028,0.0,140092.5,7790.491328954697,0.029006481540072973
2880,3834,706,6161,11480,8672,2515,3861,18331,7649,0,0,0,0,0,0,0,0,0,0,0,0,0,0,0,0,0,0,0,0,0,0,0,0,0,0,0,0,0,0,0,0,0,0,0,0,0,0,0,0,0,0,0,0,0,0,0,0,0,4.1718691975511675,3.8186055024456493,3.8530170081380177,0.0,41707.0,1936.7737267017365,0.13972079430788983
309,569,608,2626,3219,2750,1248,669,637,922,0,0,0,0,0,0,0,0,0,0,0,0,0,0,0,0,0,0,0,0,0,0,0,0,0,0,0,0,0,0,0,0,0,0,0,0,0,0,0,0,0,0,0,0,0,0,0,0,0,2.634935118674999,2.567833610966695,2.6035262973612454,0.0,5318.5,396.5512959957123,0.4250111076545075
1662,2507,1520,4559,7606,8358,3318,2887,3414,4343,0,0,0,0,0,0,0,0,0,0,0,0,0,0,0,0,0,0,0,0,0,0,0,0,0,0,0,0,0,0,0,0,0,0,0,0,0,0,0,0,0,0,0,0,0,0,0,0,0,43.95308641975309,49.224094650205764,68.50218106995885,0.0,19141.5,1008.6244511604309,0.2364432103551643
2334,3417,956,3436,2783,5856,3008,4220,7204,6654,0,0,0,0,0,0,0,0,0,0,0,0,0,0,0,0,0,0,0,0,0,0,0,0,0,0,0,0,0,0,0,0,0,0,0,0,0,0,0,0,0,0,0,0,0,0,0,0,0,57.37991769547325,55.511759259259264,65.23950617283951,0.0,21235.5,1186.0214196443558,0.18970871841532772
1010,1317,616,2017,3568,3893,1389,1229,1400,2246,0,0,0,0,0,0,0,0,0,0,0,0,0,0,0,0,0,0,0,0,0,0,0,0,0,0,0,0,0,0,0,0,0,0,0,0,0,0,0,0,0,0,0,0,0,0,0,0,0,23.907057613168725,23.479814814814816,33.29550411522634,0.0,11393.5,577.1686079502106,0.4297952553759095
1529,3101,1527,5888,5221,8102,3487,4116,6073,5434,0,0,0,0,0,0,0,0,0,0,0,0,0,0,0,0,0,0,0,0,0,0,0,0,0,0,0,0,0,0,0,0,0,0,0,0,0,0,0,0,0,0,0,0,0,0,0,0,0,83.33732510288067,74.97697530864198,88.92486625514404,0.0,34084.5,1396.2123248577118,0.2197170992981999
3378,5583,3138,12129,19692,22982,9883,9891,15109,10750,0,0,0,0,0,0,0,0,0,0,0,0,0,0,0,0,0,0,0,0,0,0,0,0,0,0,0,0,0,0,0,0,0,0,0,0,0,0,0,0,0,0,0,0,0,0,0,0,0,52.25022811913124,49.516623518551924,58.419275005570356,0.0,111920.0,1420.8468817472458,0.6966634217140831
2445,2861,1459,3553,5648,6130,2534,2356,2462,4782,0,0,0,0,0,0,0,0,0,0,0,0,0,0,0,0,0,0,0,0,0,0,0,0,0,0,0,0,0,0,0,0,0,0,0,0,0,0,0,0,0,0,0,0,0,0,0,0,0,39.10873456790124,37.81198559670782,70.81465020576132,0.0,26543.0,2508.899827480316,0.052989915602106696
12450,16925,7292,15454,15149,20317,15164,19109,27630,36704,0,0,0,0,0,0,0,0,0,0,0,0,0,0,0,0,0,0,0,0,0,0,0,0,0,0,0,0,0,0,0,0,0,0,0,0,0,0,0,0,0,0,0,0,0,0,0,0,0,58.835788708633515,54.87600398943225,82.03750172415623,0.0,226917.5,4743.150816917419,0.12674883789003816
2555,3920,1185,4732,4437,8445,3740,4608,6854,6975,0,0,0,0,0,0,0,0,0,0,0,0,0,0,0,0,0,0,0,0,0,0,0,0,0,0,0,0,0,0,0,0,0,0,0,0,0,0,0,0,0,0,0,0,0,0,0,0,0,78.29367283950617,72.76657407407409,99.13564814814815,0.0,37643.5,2985.652132868767,0.05306662277491233
3254,3752,2552,5293,6238,5892,4152,4038,8107,8121,0,0,0,0,0,0,0,0,0,0,0,0,0,0,0,0,0,0,0,0,0,0,0,0,0,0,0,0,0,0,0,0,0,0,0,0,0,0,0,0,0,0,0,0,0,0,0,0,0,3.697044530976456,3.429967426710098,3.9734373839510235,0.0,13805.5,731.2030975818634,0.32447852511141645
10306,10252,1642,11051,6797,19045,7807,17405,45073,22150,0,0,0,0,0,0,0,0,0,0,0,0,0,0,0,0,0,0,0,0,0,0,0,0,0,0,0,0,0,0,0,0,0,0,0,0,0,0,0,0,0,0,0,0,0,0,0,0,0,29.294093306029772,31.81824475591253,40.52980137720294,0.0,151308.5,2719.960789680481,0.25700874631498233
1797,2528,1502,6074,6850,8556,3645,3701,6103,4838,0,0,0,0,0,0,0,0,0,0,0,0,0,0,0,0,0,0,0,0,0,0,0,0,0,0,0,0,0,0,0,0,0,0,0,0,0,0,0,0,0,0,0,0,0,0,0,0,0,14.570141327759446,15.637139386094283,17.96920656983098,0.0,27646.0,1267.5920479297638,0.2162136735326319
1243,1625,331,6145,10075,8499,1654,2480,14164,3733,0,0,0,0,0,0,0,0,0,0,0,0,0,0,0,0,0,0,0,0,0,0,0,0,0,0,0,0,0,0,0,0,0,0,0,0,0,0,0,0,0,0,0,0,0,0,0,0,0,2.115035703296587,3.204105613852667,4.55869293042897,0.0,13843.0,679.6467493772507,0.37659417195487815
2479,3397,674,6248,11091,9050,2651,3654,19530,7021,0,0,0,0,0,0,0,0,0,0,0,0,0,0,0,0,0,0,0,0,0,0,0,0,0,0,0,0,0,0,0,0,0,0,0,0,0,0,0,0,0,0,0,0,0,0,0,0,0,3.888545236554234,3.403577226283568,4.106208023427304,0.0,17909.5,861.4873685836792,0.30324629065249353
969,1505,518,4665,5689,5952,2084,2103,5902,3199,0,0,0,0,0,0,0,0,0,0,0,0,0,0,0,0,0,0,0,0,0,0,0,0,0,0,0,0,0,0,0,0,0,0,0,0,0,0,0,0,0,0,0,0,0,0,0,0,0,2.2799711402773504,2.177558913091916,2.1807180978047516,0.0,11554.0,599.3624774217606,0.40416911704129066
1241,1951,1159,3299,5091,6028,2428,2114,2440,3489,0,0,0,0,0,0,0,0,0,0,0,0,0,0,0,0,0,0,0,0,0,0,0,0,0,0,0,0,0,0,0,0,0,0,0,0,0,0,0,0,0,0,0,0,0,0,0,0,0,36.05276748971194,37.67707818930042,55.77584362139918,0.0,25459.0,1374.5727163553238,0.16932292658764167
1169,1718,427,6365,9413,8325,1923,2287,16034,3523,0,0,0,0,0,0,0,0,0,0,0,0,0,0,0,0,0,0,0,0,0,0,0,0,0,0,0,0,0,0,0,0,0,0,0,0,0,0,0,0,0,0,0,0,0,0,0,0,0,1.9585300639794587,2.9239169646362297,4.203850969241053,0.0,14136.5,687.8893916606903,0.3754175209689097
1814,3175,1280,5307,6161,9588,4606,5307,7814,6550,0,0,0,0,0,0,0,0,0,0,0,0,0,0,0,0,0,0,0,0,0,0,0,0,0,0,0,0,0,0,0,0,0,0,0,0,0,0,0,0,0,0,0,0,0,0,0,0,0,14.530260268013455,18.25856242506552,21.799748538446032,0.0,51012.5,1404.2610955238342,0.32508036871966656
1964,2550,1124,3307,4686,6223,2545,2495,3255,4250,0,0,0,0,0,0,0,0,0,0,0,0,0,0,0,0,0,0,0,0,0,0,0,0,0,0,0,0,0,0,0,0,0,0,0,0,0,0,0,0,0,0,0,0,0,0,0,0,0,35.72243827160494,44.1752572016461,64.18748971193416,0.0,12890.5,997.6193985939026,0.16276081524731253
4575,6750,2578,11573,18333,19663,8669,11933,20999,13684,0,0,0,0,0,0,0,0,0,0,0,0,0,0,0,0,0,0,0,0,0,0,0,0,0,0,0,0,0,0,0,0,0,0,0,0,0,0,0,0,0,0,0,0,0,0,0,0,0,59.663550806905114,58.24232352597906,65.3804682277796,0.0,118205.0,1297.5087888240814,0.8823179096477596
1208,1573,740,3421,3962,3285,1537,1589,2769,2835,0,0,0,0,0,0,0,0,0,0,0,0,0,0,0,0,0,0,0,0,0,0,0,0,0,0,0,0,0,0,0,0,0,0,0,0,0,0,0,0,0,0,0,0,0,0,0,0,0,1.7119598085921337,1.7722071321711637,2.1333144118239984,0.0,5866.5,594.634556055069,0.20849164283674204
11702,15068,1989,11709,5286,17843,7596,16166,42937,28336,0,0,0,0,0,0,0,0,0,0,0,0,0,0,0,0,0,0,0,0,0,0,0,0,0,0,0,0,0,0,0,0,0,0,0,0,0,0,0,0,0,0,0,0,0,0,0,0,0,53.11532748358073,55.19256172479284,65.98450911946016,0.0,134536.5,7595.147308349609,0.02930741987638199
2753,3308,1199,2315,2125,2653,1656,2062,2206,5561,0,0,0,0,0,0,0,0,0,0,0,0,0,0,0,0,0,0,0,0,0,0,0,0,0,0,0,0,0,0,0,0,0,0,0,0,0,0,0,0,0,0,0,0,0,0,0,0,0,34.19289094650206,35.62439300411523,45.86792181069959,0.0,10442.5,1110.153450846672,0.10647516492972639
1783,2698,1981,11048,12832,13911,6336,6418,21082,6532,0,0,0,0,0,0,0,0,0,0,0,0,0,0,0,0,0,0,0,0,0,0,0,0,0,0,0,0,0,0,0,0,0,0,0,0,0,0,0,0,0,0,0,0,0,0,0,0,0,6.385783934047046,6.782087873611392,7.415208649428641,0.0,67573.5,3103.7169402837753,0.08814994887262569
842,1282,587,6189,13836,17395,2974,2880,60400,1887,0,0,0,0,0,0,0,0,0,0,0,0,0,0,0,0,0,0,0,0,0,0,0,0,0,0,0,0,0,0,0,0,0,0,0,0,0,0,0,0,0,0,0,0,0,0,0,0,0,3.888327727615147,3.327327080393426,4.26677206124203,0.0,106386.0,4030.4936295747757,0.08229583689542187
363,550,680,5758,5331,4950,2655,1542,1358,1048,0,0,0,0,0,0,0,0,0,0,0,0,0,0,0,0,0,0,0,0,0,0,0,0,0,0,0,0,0,0,0,0,0,0,0,0,0,0,0,0,0,0,0,0,0,0,0,0,0,2.9322406603783597,3.0229578032658173,4.338884232193445,0.0,7758.5,492.49242198467255,0.40196526288587353
5642,7597,1046,7559,12717,14636,4907,9151,60314,15405,0,0,0,0,0,0,0,0,0,0,0,0,0,0,0,0,0,0,0,0,0,0,0,0,0,0,0,0,0,0,0,0,0,0,0,0,0,0,0,0,0,0,0,0,0,0,0,0,0,3.5897569204978304,3.16463569905251,3.6279774851722566,0.0,375769.0,2452.0,0.7853981633974483
973,1306,1038,3800,8636,7496,2310,1876,2162,2445,0,0,0,0,0,0,0,0,0,0,0,0,0,0,0,0,0,0,0,0,0,0,0,0,0,0,0,0,0,0,0,0,0,0,0,0,0,0,0,0,0,0,0,0,0,0,0,0,0,30.316234567901237,31.51195473251029,54.943271604938275,0.0,31563.5,1114.4965960979462,0.31932838628628146
8880,11472,3799,11118,9253,18515,10623,16541,31436,24555,0,0,0,0,0,0,0,0,0,0,0,0,0,0,0,0,0,0,0,0,0,0,0,0,0,0,0,0,0,0,0,0,0,0,0,0,0,0,0,0,0,0,0,0,0,0,0,0,0,47.162672813504656,49.852481193434414,62.07745705524727,0.0,146931.5,2736.044050335884,0.246648572213632
3188,5237,2063,12286,19975,22140,8144,10974,19329,10767,0,0,0,0,0,0,0,0,0,0,0,0,0,0,0,0,0,0,0,0,0,0,0,0,0,0,0,0,0,0,0,0,0,0,0,0,0,0,0,0,0,0,0,0,0,0,0,0,0,50.068653248310326,48.549377181720764,66.40758522636845,0.0,113559.0,1281.5087877511978,0.8689369119917294
3881,7586,796,9255,17847,16638,4182,6969,42365,15436,0,0,0,0,0,0,0,0,0,0,0,0,0,0,0,0,0,0,0,0,0,0,0,0,0,0,0,0,0,0,0,0,0,0,0,0,0,0,0,0,0,0,0,0,0,0,0,0,0,4.453691816358795,4.243954843022207,4.731819435749982,0.0,375769.0,2452.0,0.7853981633974483
2399,3334,2130,4914,6035,6708,3769,3214,3537,6197,0,0,0,0,0,0,0,0,0,0,0,0,0,0,0,0,0,0,0,0,0,0,0,0,0,0,0,0,0,0,0,0,0,0,0,0,0,0,0,0,0,0,0,0,0,0,0,0,0,64.98484567901235,65.06193415637861,80.68159465020577,0.0,35819.0,2348.5180168151855,0.08160852501068577
379,589,640,3010,3523,3059,1350,749,699,1027,0,0,0,0,0,0,0,0,0,0,0,0,0,0,0,0,0,0,0,0,0,0,0,0,0,0,0,0,0,0,0,0,0,0,0,0,0,0,0,0,0,0,0,0,0,0,0,0,0,3.06015713694575,2.8687147874248002,2.8143269424609283,0.0,6233.5,464.00713992118835,0.3638249691472681
3907,5459,889,9025,17767,16749,4267,7256,42906,10636,0,0,0,0,0,0,0,0,0,0,0,0,0,0,0,0,0,0,0,0,0,0,0,0,0,0,0,0,0,0,0,0,0,0,0,0,0,0,0,0,0,0,0,0,0,0,0,0,0,4.644094367048988,5.236875192309733,5.454580419951405,0.0,116848.0,4316.719026327133,0.07879952222706585
8076,11654,5180,14999,20052,25090,12615,13686,17612,23092,0,0,0,0,0,0,0,0,0,0,0,0,0,0,0,0,0,0,0,0,0,0,0,0,0,0,0,0,0,0,0,0,0,0,0,0,0,0,0,0,0,0,0,0,0,0,0,0,0,45.66090886905962,46.32815202283314,58.66402826555189,0.0,156772.0,6902.778563857079,0.04134571239779462
454,814,582,2424,3079,3045,1349,895,1356,1446,0,0,0,0,0,0,0,0,0,0,0,0,0,0,0,0,0,0,0,0,0,0,0,0,0,0,0,0,0,0,0,0,0,0,0,0,0,0,0,0,0,0,0,0,0,0,0,0,0,2.2231456036668824,1.826475612473342,2.7650134218930704,0.0,6736.5,458.8355669975281,0.4020962545209979
608,1020,938,2550,3030,3164,1636,1204,1243,1812,0,0,0,0,0,0,0,0,0,0,0,0,0,0,0,0,0,0,0,0,0,0,0,0,0,0,0,0,0,0,0,0,0,0,0,0,0,0,0,0,0,0,0,0,0,0,0,0,0,2.652046706065847,2.87927988625874,3.8987867245275813,0.0,6316.0,454.93607211112976,0.3834875226735997
1691,2738,1195,4832,4318,7319,2886,3903,6481,4642,0,0,0,0,0,0,0,0,0,0,0,0,0,0,0,0,0,0,0,0,0,0,0,0,0,0,0,0,0,0,0,0,0,0,0,0,0,0,0,0,0,0,0,0,0,0,0,0,0,72.50424897119342,72.52925925925926,85.8543621399177,0.0,28561.5,1699.1727812290192,0.12431278352495835
10598,13295,9269,19621,25375,23237,13887,15322,20750,28382,0,0,0,0,0,0,0,0,0,0,0,0,0,0,0,0,0,0,0,0,0,0,0,0,0,0,0,0,0,0,0,0,0,0,0,0,0,0,0,0,0,0,0,0,0,0,0,0,0,73.88521363621895,71.75151195238146,96.04621799700793,0.0,137143.0,5137.7568141222,0.06528845952653411
6102,7538,460,6043,13598,15812,2447,9567,72955,16781,0,0,0,0,0,0,0,0,0,0,0,0,0,0,0,0,0,0,0,0,0,0,0,0,0,0,0,0,0,0,0,0,0,0,0,0,0,0,0,0,0,0,0,0,0,0,0,0,0,2.1630760008063747,3.110348650914068,3.990289021634182,0.0,375769.0,2452.0,0.7853981633974483
3561,5908,3004,13313,20114,22228,9101,11193,19632,11726,0,0,0,0,0,0,0,0,0,0,0,0,0,0,0,0,0,0,0,0,0,0,0,0,0,0,0,0,0,0,0,0,0,0,0,0,0,0,0,0,0,0,0,0,0,0,0,0,0,50.35347589894853,45.938341520864945,71.54626043777654,0.0,119208.5,1323.8935673236847,0.8546945670991049
4263,6237,548,7049,16293,15847,1858,5522,112958,11001,0,0,0,0,0,0,0,0,0,0,0,0,0,0,0,0,0,0,0,0,0,0,0,0,0,0,0,0,0,0,0,0,0,0,0,0,0,0,0,0,0,0,0,0,0,0,0,0,0,3.7877351483835375,3.2155248331547286,4.54996339483708,0.0,375769.0,2452.0,0.7853981633974483
2149,3143,1295,4680,5411,8246,3473,3927,5119,5679,0,0,0,0,0,0,0,0,0,0,0,0,0,0,0,0,0,0,0,0,0,0,0,0,0,0,0,0,0,0,0,0,0,0,0,0,0,0,0,0,0,0,0,0,0,0,0,0,0,52.260185185185186,54.45567901234568,75.36217078189301,0.0,29212.5,1283.9869295358658,0.2226677823435154
3990,5695,2267,8000,9771,15735,7046,9188,15964,11507,0,0,0,0,0,0,0,0,0,0,0,0,0,0,0,0,0,0,0,0,0,0,0,0,0,0,0,0,0,0,0,0,0,0,0,0,0,0,0,0,0,0,0,0,0,0,0,0,0,31.652611698797866,34.55519156701928,40.96902354401639,0.0,93419.0,1922.115995645523,0.3177502437306542
14538,16331,2216,10105,5217,16528,8740,20084,56010,34258,0,0,0,0,0,0,0,0,0,0,0,0,0,0,0,0,0,0,0,0,0,0,0,0,0,0,0,0,0,0,0,0,0,0,0,0,0,0,0,0,0,0,0,0,0,0,0,0,0,67.17757748092818,69.13927733981262,79.78892083735637,0.0,178908.0,4647.348863720894,0.10409480951937078
5178,8780,2797,12517,13945,24112,10211,15067,44221,19291,0,0,0,0,0,0,0,0,0,0,0,0,0,0,0,0,0,0,0,0,0,0,0,0,0,0,0,0,0,0,0,0,0,0,0,0,0,0,0,0,0,0,0,0,0,0,0,0,0,4.41481607231907,3.959723710596399,4.275355706691848,0.0,375769.0,2452.0,0.7853981633974483
696,935,402,2403,4604,6045,1679,1825,2855,1829,0,0,0,0,0,0,0,0,0,0,0,0,0,0,0,0,0,0,0,0,0,0,0,0,0,0,0,0,0,0,0,0,0,0,0,0,0,0,0,0,0,0,0,0,0,0,0,0,0,29.06161522633745,26.406491769547326,41.448868312757206,0.0,22613.0,893.376758813858,0.3560399624192556
7759,11112,780,6621,13921,14370,3991,8858,78569,17593,0,0,0,0,0,0,0,0,0,0,0,0,0,0,0,0,0,0,0,0,0,0,0,0,0,0,0,0,0,0,0,0,0,0,0,0,0,0,0,0,0,0,0,0,0,0,0,0,0,3.1828693142632813,3.245445575019364,3.71641343674734,0.0,375769.0,2452.0,0.7853981633974483
294,427,103,1156,3396,2921,596,891,3275,913,0,0,0,0,0,0,0,0,0,0,0,0,0,0,0,0,0,0,0,0,0,0,0,0,0,0,0,0,0,0,0,0,0,0,0,0,0,0,0,0,0,0,0,0,0,0,0,0,0,3.2087139917695477,3.2593415637860086,4.455679012345679,0.0,9531.5,757.4629844427109,0.20876048006409462
3777,5262,3056,7541,7864,9584,5990,6214,7656,10851,0,0,0,0,0,0,0,0,0,0,0,0,0,0,0,0,0,0,0,0,0,0,0,0,0,0,0,0,0,0,0,0,0,0,0,0,0,0,0,0,0,0,0,0,0,0,0,0,0,20.26179322857537,18.152237689524558,22.758546509777293,0.0,41853.0,2683.860285639763,0.073015766660292
1565,2427,1088,9444,18497,17854,3796,3232,69716,4662,0,0,0,0,0,0,0,0,0,0,0,0,0,0,0,0,0,0,0,0,0,0,0,0,0,0,0,0,0,0,0,0,0,0,0,0,0,0,0,0,0,0,0,0,0,0,0,0,0,5.549679572197053,4.09803552292332,5.666107863213403,0.0,375769.0,2452.0,0.7853981633974483
1137,1698,1181,4088,8560,8129,2836,2131,1987,3047,0,0,0,0,0,0,0,0,0,0,0,0,0,0,0,0,0,0,0,0,0,0,0,0,0,0,0,0,0,0,0,0,0,0,0,0,0,0,0,0,0,0,0,0,0,0,0,0,0,44.42889917695474,42.34503086419753,65.4544547325103,0.0,33548.5,1053.8691804409027,0.37958545510304176
1254,2005,1815,6038,5169,5993,3919,3189,5030,4393,0,0,0,0,0,0,0,0,0,0,0,0,0,0,0,0,0,0,0,0,0,0,0,0,0,0,0,0,0,0,0,0,0,0,0,0,0,0,0,0,0,0,0,0,0,0,0,0,0,4.388264066462244,3.52122038430116,4.191771265477618,0.0,11196.5,620.0904005765915,0.36591661691621924
1292,2173,911,2710,3064,4777,2565,2675,3546,4081,0,0,0,0,0,0,0,0,0,0,0,0,0,0,0,0,0,0,0,0,0,0,0,0,0,0,0,0,0,0,0,0,0,0,0,0,0,0,0,0,0,0,0,0,0,0,0,0,0,39.12252057613169,39.034814814814816,49.204063786008234,0.0,23957.0,1440.2884457111359,0.14512537116891974
6137,8552,2028,9685,16004,14434,5682,6442,30549,19813,0,0,0,0,0,0,0,0,0,0,0,0,0,0,0,0,0,0,0,0,0,0,0,0,0,0,0,0,0,0,0,0,0,0,0,0,0,0,0,0,0,0,0,0,0,0,0,0,0,4.66037835945209,4.893136797207398,7.493761207015459,0.0,91552.5,3280.628627061844,0.10689710197160843
10184,14686,3647,13482,8984,20410,10759,18092,36251,29670,0,0,0,0,0,0,0,0,0,0,0,0,0,0,0,0,0,0,0,0,0,0,0,0,0,0,0,0,0,0,0,0,0,0,0,0,0,0,0,0,0,0,0,0,0,0,0,0,0,55.314244713471766,62.402335833801956,69.50417245806322,0.0,129811.0,6472.009014248848,0.03894423099628559
2003,3220,1632,4885,5559,7691,3802,4167,5418,6481,0,0,0,0,0,0,0,0,0,0,0,0,0,0,0,0,0,0,0,0,0,0,0,0,0,0,0,0,0,0,0,0,0,0,0,0,0,0,0,0,0,0,0,0,0,0,0,0,0,60.76537037037038,63.5008950617284,101.87150205761317,0.0,45004.0,2202.4591406583786,0.11658569325830058
7353,10361,1717,9359,15873,15911,5854,9297,45499,21675,0,0,0,0,0,0,0,0,0,0,0,0,0,0,0,0,0,0,0,0,0,0,0,0,0,0,0,0,0,0,0,0,0,0,0,0,0,0,0,0,0,0,0,0,0,0,0,0,0,4.824037920826746,4.503787838597757,5.258734840687965,0.0,375769.0,2452.0,0.7853981633974483
6207,9466,2992,17223,21782,29832,11915,18339,37351,20086,0,0,0,0,0,0,0,0,0,0,0,0,0,0,0,0,0,0,0,0,0,0,0,0,0,0,0,0,0,0,0,0,0,0,0,0,0,0,0,0,0,0,0,0,0,0,0,0,0,63.25798947468939,61.99621746649832,91.77849367102039,0.0,174522.0,1578.5869985818863,0.8800817234647663
11403,15856,3163,11118,6182,17720,10446,17953,44184,32768,0,0,0,0,0,0,0,0,0,0,0,0,0,0,0,0,0,0,0,0,0,0,0,0,0,0,0,0,0,0,0,0,0,0,0,0,0,0,0,0,0,0,0,0,0,0,0,0,0,70.46375558361362,71.34458455792635,77.15135439102802,0.0,117344.5,4132.446071028709,0.08634917915238619
3526,6164,2624,12766,11591,18414,7180,9421,15776,10931,0,0,0,0,0,0,0,0,0,0,0,0,0,0,0,0,0,0,0,0,0,0,0,0,0,0,0,0,0,0,0,0,0,0,0,0,0,0,0,0,0,0,0,0,0,0,0,0,0,31.921999172405013,32.9523814576282,43.33140669927533,0.0,77020.0,3237.389282464981,0.09234715684232672
14527,16406,2174,9541,4580,15354,8071,17332,54870,34283,0,0,0,0,0,0,0,0,0,0,0,0,0,0,0,0,0,0,0,0,0,0,0,0,0,0,0,0,0,0,0,0,0,0,0,0,0,0,0,0,0,0,0,0,0,0,0,0,0,86.22352757058431,85.71211365637832,86.68137327717005,0.0,148169.5,3861.416632294655,0.12487495754848718
1108,1499,943,2476,3859,3721,1952,1767,1800,2804,0,0,0,0,0,0,0,0,0,0,0,0,0,0,0,0,0,0,0,0,0,0,0,0,0,0,0,0,0,0,0,0,0,0,0,0,0,0,0,0,0,0,0,0,0,0,0,0,0,4.903601099215907,5.323393351653599,7.981185476768985,0.0,21360.5,1366.2022202014923,0.14381073462865243
2245,3736,1342,4344,3202,6393,3205,4744,8919,7172,0,0,0,0,0,0,0,0,0,0,0,0,0,0,0,0,0,0,0,0,0,0,0,0,0,0,0,0,0,0,0,0,0,0,0,0,0,0,0,0,0,0,0,0,0,0,0,0,0,71.21866255144033,71.17248971193416,93.12034979423869,0.0,43787.0,2633.110942363739,0.07936275572257355
1947,3286,1495,4695,4600,7262,3919,4126,5439,6767,0,0,0,0,0,0,0,0,0,0,0,0,0,0,0,0,0,0,0,0,0,0,0,0,0,0,0,0,0,0,0,0,0,0,0,0,0,0,0,0,0,0,0,0,0,0,0,0,0,66.7610596707819,66.51023662551441,78.4888888888889,0.0,42305.5,2062.854022026062,0.12493085261095216
1809,2773,1638,10954,15826,14528,5038,4053,28774,6154,0,0,0,0,0,0,0,0,0,0,0,0,0,0,0,0,0,0,0,0,0,0,0,0,0,0,0,0,0,0,0,0,0,0,0,0,0,0,0,0,0,0,0,0,0,0,0,0,0,6.856131099534213,7.149715116340757,7.980636399325192,0.0,89586.5,4329.9809983968735,0.06004549822877622
1846,2797,1218,4016,5347,7489,3114,3248,3848,5028,0,0,0,0,0,0,0,0,0,0,0,0,0,0,0,0,0,0,0,0,0,0,0,0,0,0,0,0,0,0,0,0,0,0,0,0,0,0,0,0,0,0,0,0,0,0,0,0,0,64.16005144032923,51.648405349794245,74.94694444444445,0.0,36961.5,1907.6723436117172,0.12762974003268868
3336,4886,3365,8157,7764,9241,6327,6589,11569,10230,0,0,0,0,0,0,0,0,0,0,0,0,0,0,0,0,0,0,0,0,0,0,0,0,0,0,0,0,0,0,0,0,0,0,0,0,0,0,0,0,0,0,0,0,0,0,0,0,0,6.1528424704771405,5.440956933230061,7.915107852603211,0.0,20437.5,957.5706285238266,0.2800889664378533
8862,11854,1851,9616,14165,16834,7521,13052,45239,28579,0,0,0,0,0,0,0,0,0,0,0,0,0,0,0,0,0,0,0,0,0,0,0,0,0,0,0,0,0,0,0,0,0,0,0,0,0,0,0,0,0,0,0,0,0,0,0,0,0,3.1229190760644676,3.252297106600601,3.6225158887627456,0.0,375769.0,2452.0,0.7853981633974483
6640,9384,4667,16634,28203,27374,12994,15234,25200,19677,0,0,0,0,0,0,0,0,0,0,0,0,0,0,0,0,0,0,0,0,0,0,0,0,0,0,0,0,0,0,0,0,0,0,0,0,0,0,0,0,0,0,0,0,0,0,0,0,0,82.91305743297012,78.67319016647392,89.19778989697504,0.0,165343.0,1565.9595810174942,0.8472948772826682
355,620,639,2373,3106,2874,1257,748,580,988,0,0,0,0,0,0,0,0,0,0,0,0,0,0,0,0,0,0,0,0,0,0,0,0,0,0,0,0,0,0,0,0,0,0,0,0,0,0,0,0,0,0,0,0,0,0,0,0,0,2.782716527496313,2.23686723466562,3.266207068510011,0.0,4091.0,365.96550965309143,0.38384777618151733
7774,9733,2163,11579,8777,20606,8394,16598,37362,19987,0,0,0,0,0,0,0,0,0,0,0,0,0,0,0,0,0,0,0,0,0,0,0,0,0,0,0,0,0,0,0,0,0,0,0,0,0,0,0,0,0,0,0,0,0,0,0,0,0,49.42441829621535,53.05495018514786,62.23993623274518,0.0,144474.5,2494.196290373802,0.29183663308178154
864,1428,1042,4423,5961,5876,2603,1901,2003,2426,0,0,0,0,0,0,0,0,0,0,0,0,0,0,0,0,0,0,0,0,0,0,0,0,0,0,0,0,0,0,0,0,0,0,0,0,0,0,0,0,0,0,0,0,0,0,0,0,0,4.575889399357022,4.272910057401139,8.501692325648017,0.0,8836.5,562.6345566511154,0.3507820326563382
2671,3787,1229,4198,3876,7503,3260,4461,6562,6956,0,0,0,0,0,0,0,0,0,0,0,0,0,0,0,0,0,0,0,0,0,0,0,0,0,0,0,0,0,0,0,0,0,0,0,0,0,0,0,0,0,0,0,0,0,0,0,0,0,63.24074074074075,63.84963991769548,78.24968106995885,0.0,15603.5,1338.874232172966,0.1093836277445789
4091,9371,2461,18498,12085,36178,12733,16756,40477,17629,0,0,0,0,0,0,0,0,0,0,0,0,0,0,0,0,0,0,0,0,0,0,0,0,0,0,0,0,0,0,0,0,0,0,0,0,0,0,0,0,0,0,0,0,0,0,0,0,0,77.72292278963172,69.53137964328535,86.2954408004329,0.0,168330.0,5883.129397511482,0.06111595270320066
11271,14270,5043,13794,13769,22396,11834,16865,28674,29091,0,0,0,0,0,0,0,0,0,0,0,0,0,0,0,0,0,0,0,0,0,0,0,0,0,0,0,0,0,0,0,0,0,0,0,0,0,0,0,0,0,0,0,0,0,0,0,0,0,68.03559984721323,60.12989527740348,88.58956593703913,0.0,126005.0,3708.467490196228,0.11513535128211473
6464,10588,6171,20724,26000,28667,11410,11496,14997,17746,0,0,0,0,0,0,0,0,0,0,0,0,0,0,0,0,0,0,0,0,0,0,0,0,0,0,0,0,0,0,0,0,0,0,0,0,0,0,0,0,0,0,0,0,0,0,0,0,0,68.37126123354095,69.52056255238783,78.57507771965751,0.0,56878.0,3166.0268049240112,0.07130582450996127
1584,2272,1021,3626,5140,7307,2933,3135,4137,4103,0,0,0,0,0,0,0,0,0,0,0,0,0,0,0,0,0,0,0,0,0,0,0,0,0,0,0,0,0,0,0,0,0,0,0,0,0,0,0,0,0,0,0,0,0,0,0,0,0,42.94405349794239,42.86106995884774,68.33843621399177,0.0,20666.0,1036.4549654722214,0.24174940622222602
2307,3299,789,3748,3264,6994,3045,4481,8199,6310,0,0,0,0,0,0,0,0,0,0,0,0,0,0,0,0,0,0,0,0,0,0,0,0,0,0,0,0,0,0,0,0,0,0,0,0,0,0,0,0,0,0,0,0,0,0,0,0,0,56.32281893004116,52.88014403292181,86.19201646090535,0.0,39690.0,1868.057119846344,0.14292580921270112
3440,4616,2355,8745,15568,18004,6582,7138,10437,8647,0,0,0,0,0,0,0,0,0,0,0,0,0,0,0,0,0,0,0,0,0,0,0,0,0,0,0,0,0,0,0,0,0,0,0,0,0,0,0,0,0,0,0,0,0,0,0,0,0,23.054361319483498,22.832624218824606,26.240206792645015,0.0,83725.5,2756.0541545152664,0.13851350533104748
10922,15866,2949,15535,8330,23436,9956,19558,48179,30058,0,0,0,0,0,0,0,0,0,0,0,0,0,0,0,0,0,0,0,0,0,0,0,0,0,0,0,0,0,0,0,0,0,0,0,0,0,0,0,0,0,0,0,0,0,0,0,0,0,62.47763902004266,61.833417330687865,78.77360767753504,0.0,193939.0,7293.4690335989,0.045814898548179744
9187,15514,3462,15155,10966,24085,11874,19440,36023,30837,0,0,0,0,0,0,0,0,0,0,0,0,0,0,0,0,0,0,0,0,0,0,0,0,0,0,0,0,0,0,0,0,0,0,0,0,0,0,0,0,0,0,0,0,0,0,0,0,0,63.53528419399676,57.030788125072945,66.17961198527306,0.0,110776.5,6827.0455930233,0.029867020293236922
566,663,303,1160,3573,2599,632,507,476,1089,0,0,0,0,0,0,0,0,0,0,0,0,0,0,0,0,0,0,0,0,0,0,0,0,0,0,0,0,0,0,0,0,0,0,0,0,0,0,0,0,0,0,0,0,0,0,0,0,0,12.751512345679012,11.819639917695474,17.915298353909467,0.0,7530.0,554.2985501289368,0.3079763410527557
3882,6124,2235,11872,16868,19630,8201,11852,21730,12430,0,0,0,0,0,0,0,0,0,0,0,0,0,0,0,0,0,0,0,0,0,0,0,0,0,0,0,0,0,0,0,0,0,0,0,0,0,0,0,0,0,0,0,0,0,0,0,0,0,45.66003087565916,44.14892465702554,63.88907044106569,0.0,114273.0,1292.1950813531876,0.859997771486729
7313,10383,5289,11789,12342,15903,10963,12480,17651,20749,0,0,0,0,0,0,0,0,0,0,0,0,0,0,0,0,0,0,0,0,0,0,0,0,0,0,0,0,0,0,0,0,0,0,0,0,0,0,0,0,0,0,0,0,0,0,0,0,0,47.25989930927649,47.66812379972202,61.43664654266889,0.0,115408.5,3067.6075372695923,0.15411612046196607
2520,3039,1148,2244,2004,2525,1596,1893,1946,4909,0,0,0,0,0,0,0,0,0,0,0,0,0,0,0,0,0,0,0,0,0,0,0,0,0,0,0,0,0,0,0,0,0,0,0,0,0,0,0,0,0,0,0,0,0,0,0,0,0,31.513950617283953,32.00190329218107,43.39558641975309,0.0,10413.5,1066.1534506082535,0.11512433954072591
6057,7878,5083,13925,21970,23582,10757,10460,11859,15138,0,0,0,0,0,0,0,0,0,0,0,0,0,0,0,0,0,0,0,0,0,0,0,0,0,0,0,0,0,0,0,0,0,0,0,0,0,0,0,0,0,0,0,0,0,0,0,0,0,34.94667847934726,40.33338284756337,58.59890821122771,0.0,119402.0,3028.095785021782,0.16363727849283558
10604,15426,1571,8851,12695,13438,5495,9563,78577,26864,0,0,0,0,0,0,0,0,0,0,0,0,0,0,0,0,0,0,0,0,0,0,0,0,0,0,0,0,0,0,0,0,0,0,0,0,0,0,0,0,0,0,0,0,0,0,0,0,0,2.980771679275112,2.658030854438774,3.3450991522456475,0.0,375769.0,2452.0,0.7853981633974483
5664,8520,7426,18459,30180,26868,13593,11224,12680,16517,0,0,0,0,0,0,0,0,0,0,0,0,0,0,0,0,0,0,0,0,0,0,0,0,0,0,0,0,0,0,0,0,0,0,0,0,0,0,0,0,0,0,0,0,0,0,0,0,0,63.14352937431697,59.33051809568271,74.88172288300142,0.0,150793.5,1687.4570527076721,0.6654677732400226
2056,2852,1450,4103,5133,7100,3101,3332,3902,5311,0,0,0,0,0,0,0,0,0,0,0,0,0,0,0,0,0,0,0,0,0,0,0,0,0,0,0,0,0,0,0,0,0,0,0,0,0,0,0,0,0,0,0,0,0,0,0,0,0,61.16487654320988,55.79441358024692,77.27004115226337,0.0,33053.5,1637.207273721695,0.15496013510925505
4143,6212,614,6935,16227,13743,3150,6457,38939,11911,0,0,0,0,0,0,0,0,0,0,0,0,0,0,0,0,0,0,0,0,0,0,0,0,0,0,0,0,0,0,0,0,0,0,0,0,0,0,0,0,0,0,0,0,0,0,0,0,0,3.959837770162018,3.60072785918153,5.753222845865739,0.0,106212.5,4471.128187894821,0.06676536884738159
790,863,665,1539,3237,2203,954,674,634,1418,0,0,0,0,0,0,0,0,0,0,0,0,0,0,0,0,0,0,0,0,0,0,0,0,0,0,0,0,0,0,0,0,0,0,0,0,0,0,0,0,0,0,0,0,0,0,0,0,0,13.588240740740742,13.555432098765433,21.837283950617287,0.0,12485.0,1007.3422677516937,0.15461239099221966
3924,7700,4973,23365,37645,40013,15581,14983,21021,15840,0,0,0,0,0,0,0,0,0,0,0,0,0,0,0,0,0,0,0,0,0,0,0,0,0,0,0,0,0,0,0,0,0,0,0,0,0,0,0,0,0,0,0,0,0,0,0,0,0,72.5617592759605,77.05382285223186,91.77262092966504,0.0,184341.5,1664.7118867635727,0.8359009520755877
10387,11791,4457,9939,8394,13450,6626,10172,15959,21619,0,0,0,0,0,0,0,0,0,0,0,0,0,0,0,0,0,0,0,0,0,0,0,0,0,0,0,0,0,0,0,0,0,0,0,0,0,0,0,0,0,0,0,0,0,0,0,0,0,50.90805737991915,51.4819334953156,59.06503782533502,0.0,53245.5,4110.43003487587,0.03960210336640019
886,1642,1200,5998,6702,7280,3273,2534,5355,3050,0,0,0,0,0,0,0,0,0,0,0,0,0,0,0,0,0,0,0,0,0,0,0,0,0,0,0,0,0,0,0,0,0,0,0,0,0,0,0,0,0,0,0,0,0,0,0,0,0,3.2908943330963725,4.069512673874524,7.425519103650967,0.0,11806.5,673.8893891572952,0.3267035090352523
11707,13534,3990,9720,6998,14631,8359,14919,29453,28584,0,0,0,0,0,0,0,0,0,0,0,0,0,0,0,0,0,0,0,0,0,0,0,0,0,0,0,0,0,0,0,0,0,0,0,0,0,0,0,0,0,0,0,0,0,0,0,0,0,57.917625120690936,64.66127492068881,69.35614701482244,0.0,84925.5,2248.515051007271,0.2110845167378135
920,1663,1816,5424,5259,5829,3590,2282,2987,2780,0,0,0,0,0,0,0,0,0,0,0,0,0,0,0,0,0,0,0,0,0,0,0,0,0,0,0,0,0,0,0,0,0,0,0,0,0,0,0,0,0,0,0,0,0,0,0,0,0,5.060817621407124,5.588539400948552,5.525063926407707,0.0,9699.5,573.9482640028,0.3700102185673122
947,1452,957,3161,5582,5579,2215,1824,1693,2579,0,0,0,0,0,0,0,0,0,0,0,0,0,0,0,0,0,0,0,0,0,0,0,0,0,0,0,0,0,0,0,0,0,0,0,0,0,0,0,0,0,0,0,0,0,0,0,0,0,30.31530864197531,27.285925925925927,40.28036008230453,0.0,25335.5,1239.266147851944,0.20730518784113316
10694,15332,5044,12007,11758,17146,10435,13688,19774,29087,0,0,0,0,0,0,0,0,0,0,0,0,0,0,0,0,0,0,0,0,0,0,0,0,0,0,0,0,0,0,0,0,0,0,0,0,0,0,0,0,0,0,0,0,0,0,0,0,0,56.980498466827235,55.7655439315006,67.69282432704857,0.0,56414.5,4115.16092300415,0.04186267359989876
1122,1485,586,2651,3798,5756,2210,2537,3310,2844,0,0,0,0,0,0,0,0,0,0,0,0,0,0,0,0,0,0,0,0,0,0,0,0,0,0,0,0,0,0,0,0,0,0,0,0,0,0,0,0,0,0,0,0,0,0,0,0,0,28.10319958847737,30.809063786008235,51.694886831275724,0.0,25427.0,1070.052944779396,0.2790579850198921
1941,2761,731,3043,3183,5708,2345,3253,5461,4774,0,0,0,0,0,0,0,0,0,0,0,0,0,0,0,0,0,0,0,0,0,0,0,0,0,0,0,0,0,0,0,0,0,0,0,0,0,0,0,0,0,0,0,0,0,0,0,0,0,53.764825102880664,52.09211934156379,71.88340534979424,0.0,26947.5,1704.3687398433685,0.1165738726915872
1353,1944,566,1968,1849,3236,1701,2001,2812,3294,0,0,0,0,0,0,0,0,0,0,0,0,0,0,0,0,0,0,0,0,0,0,0,0,0,0,0,0,0,0,0,0,0,0,0,0,0,0,0,0,0,0,0,0,0,0,0,0,0,29.806748971193418,31.14171810699589,47.58597736625515,0.0,13983.5,854.1046797037125,0.24088155604184316
1642,2484,1234,3694,5810,6966,2849,2689,2901,4356,0,0,0,0,0,0,0,0,0,0,0,0,0,0,0,0,0,0,0,0,0,0,0,0,0,0,0,0,0,0,0,0,0,0,0,0,0,0,0,0,0,0,0,0,0,0,0,0,0,39.70774691358025,40.3089609053498,63.019526748971195,0.0,31948.5,2278.0154896974564,0.07736543842911077
1412,2376,1155,3800,4317,5942,2941,3017,3757,4598,0,0,0,0,0,0,0,0,0,0,0,0,0,0,0,0,0,0,0,0,0,0,0,0,0,0,0,0,0,0,0,0,0,0,0,0,0,0,0,0,0,0,0,0,0,0,0,0,0,42.22710905349795,40.23924897119342,58.42584362139918,0.0,17925.0,1166.4061957597733,0.1655653275295987
706,1032,957,4121,4387,4727,2183,1604,4420,1787,0,0,0,0,0,0,0,0,0,0,0,0,0,0,0,0,0,0,0,0,0,0,0,0,0,0,0,0,0,0,0,0,0,0,0,0,0,0,0,0,0,0,0,0,0,0,0,0,0,2.627065008647307,2.726734501161816,2.6001920444779256,0.0,7518.5,463.5218588113785,0.43974471549230226
2279,3337,1183,4572,4889,8707,3587,4688,7179,6248,0,0,0,0,0,0,0,0,0,0,0,0,0,0,0,0,0,0,0,0,0,0,0,0,0,0,0,0,0,0,0,0,0,0,0,0,0,0,0,0,0,0,0,0,0,0,0,0,0,80.16796296296297,69.30055555555556,94.90816872427985,0.0,48257.5,1804.0012092590332,0.18633783048294458
3369,5932,3650,15598,24628,26537,11104,11457,15885,11370,0,0,0,0,0,0,0,0,0,0,0,0,0,0,0,0,0,0,0,0,0,0,0,0,0,0,0,0,0,0,0,0,0,0,0,0,0,0,0,0,0,0,0,0,0,0,0,0,0,57.12177052276417,49.15820327006122,65.7565173105285,0.0,128949.0,1359.6509252786636,0.8765425389236378
1396,1950,693,2881,3195,5371,2171,2818,4036,3427,0,0,0,0,0,0,0,0,0,0,0,0,0,0,0,0,0,0,0,0,0,0,0,0,0,0,0,0,0,0,0,0,0,0,0,0,0,0,0,0,0,0,0,0,0,0,0,0,0,44.726646090534985,44.471676954732516,65.9836522633745,0.0,27279.0,1249.5920482873917,0.2195340068085619
895,1198,556,2292,4759,5134,1656,1428,1493,2078,0,0,0,0,0,0,0,0,0,0,0,0,0,0,0,0,0,0,0,0,0,0,0,0,0,0,0,0,0,0,0,0,0,0,0,0,0,0,0,0,0,0,0,0,0,0,0,0,0,28.970751028806585,28.721111111111114,40.1344341563786,0.0,17743.5,904.0458050966263,0.2728150245217074
1545,2081,756,2587,2832,4356,1972,2192,2967,3474,0,0,0,0,0,0,0,0,0,0,0,0,0,0,0,0,0,0,0,0,0,0,0,0,0,0,0,0,0,0,0,0,0,0,0,0,0,0,0,0,0,0,0,0,0,0,0,0,0,29.376800411522638,29.31175925925926,47.962644032921816,0.0,15829.5,816.1980456113815,0.2985973576054339
1816,2380,2029,4446,4268,4739,3430,3189,4499,4984,0,0,0,0,0,0,0,0,0,0,0,0,0,0,0,0,0,0,0,0,0,0,0,0,0,0,0,0,0,0,0,0,0,0,0,0,0,0,0,0,0,0,0,0,0,0,0,0,0,4.001034493734681,3.3319955649396813,4.07186017888784,0.0,11443.5,685.8893892765045,0.30567545634633736
8404,12804,1720,10079,14314,15773,5806,9285,57187,24875,0,0,0,0,0,0,0,0,0,0,0,0,0,0,0,0,0,0,0,0,0,0,0,0,0,0,0,0,0,0,0,0,0,0,0,0,0,0,0,0,0,0,0,0,0,0,0,0,0,3.254509331663997,3.1073565767276046,3.8109422911648934,0.0,375769.0,2452.0,0.7853981633974483
2349,3418,1496,4657,5207,6709,3225,4032,5625,6361,0,0,0,0,0,0,0,0,0,0,0,0,0,0,0,0,0,0,0,0,0,0,0,0,0,0,0,0,0,0,0,0,0,0,0,0,0,0,0,0,0,0,0,0,0,0,0,0,0,55.23972222222223,55.720390946502064,90.70069958847738,0.0,38020.5,1801.5058226585388,0.14721645228371916
3371,5551,2266,12368,19463,22042,8329,10888,19788,11292,0,0,0,0,0,0,0,0,0,0,0,0,0,0,0,0,0,0,0,0,0,0,0,0,0,0,0,0,0,0,0,0,0,0,0,0,0,0,0,0,0,0,0,0,0,0,0,0,0,46.03587040711307,44.193649269488276,64.71832327133444,0.0,114809.0,1295.6509257555008,0.8594285541907435
472,767,660,2020,2342,2466,1279,877,941,1360,0,0,0,0,0,0,0,0,0,0,0,0,0,0,0,0,0,0,0,0,0,0,0,0,0,0,0,0,0,0,0,0,0,0,0,0,0,0,0,0,0,0,0,0,0,0,0,0,0,2.4803631868773146,2.21920656983098,2.454503496058314,0.0,5747.5,460.9777020215988,0.3398826586309998
2215,3098,2359,6642,6531,7388,4719,4057,7359,6507,0,0,0,0,0,0,0,0,0,0,0,0,0,0,0,0,0,0,0,0,0,0,0,0,0,0,0,0,0,0,0,0,0,0,0,0,0,0,0,0,0,0,0,0,0,0,0,0,0,4.559371982726607,4.498793090642872,4.4928195524620955,0.0,13833.0,711.7888847589493,0.3431024642949496
5620,9346,4527,18594,29278,30229,13556,15851,24735,19775,0,0,0,0,0,0,0,0,0,0,0,0,0,0,0,0,0,0,0,0,0,0,0,0,0,0,0,0,0,0,0,0,0,0,0,0,0,0,0,0,0,0,0,0,0,0,0,0,0,71.36938588207833,78.23267620876615,97.06615454805888,0.0,170840.5,1587.5159310102463,0.851852717941628
4183,5578,3676,7928,7830,9491,6516,6962,12086,11985,0,0,0,0,0,0,0,0,0,0,0,0,0,0,0,0,0,0,0,0,0,0,0,0,0,0,0,0,0,0,0,0,0,0,0,0,0,0,0,0,0,0,0,0,0,0,0,0,0,6.048883807785759,6.5134935118675,6.799186198262051,0.0,44165.0,2041.8275485038757,0.13312204503745842
8872,11552,4086,13339,10814,19312,8437,13864,25075,22999,0,0,0,0,0,0,0,0,0,0,0,0,0,0,0,0,0,0,0,0,0,0,0,0,0,0,0,0,0,0,0,0,0,0,0,0,0,0,0,0,0,0,0,0,0,0,0,0,0,65.0426715402816,65.23758077008775,65.94078186505958,0.0,60071.5,2400.8926844596863,0.13095824425903813
2666,3595,1078,7731,14285,12706,3386,4188,21229,7212,0,0,0,0,0,0,0,0,0,0,0,0,0,0,0,0,0,0,0,0,0,0,0,0,0,0,0,0,0,0,0,0,0,0,0,0,0,0,0,0,0,0,0,0,0,0,0,0,0,5.288676802936902,5.221726490466743,8.333984975967915,0.0,47590.0,2092.312831044197,0.13660680438803036
1942,3395,1937,5521,5219,7415,3880,4334,6266,6254,0,0,0,0,0,0,0,0,0,0,0,0,0,0,0,0,0,0,0,0,0,0,0,0,0,0,0,0,0,0,0,0,0,0,0,0,0,0,0,0,0,0,0,0,0,0,0,0,0,78.68986625514404,80.2687242798354,103.90135802469136,0.0,45352.0,1646.6458710432053,0.21018701813080926
6676,11880,5102,18156,22323,29303,14916,13737,17982,21228,0,0,0,0,0,0,0,0,0,0,0,0,0,0,0,0,0,0,0,0,0,0,0,0,0,0,0,0,0,0,0,0,0,0,0,0,0,0,0,0,0,0,0,0,0,0,0,0,0,58.693389319780586,56.428352024955174,71.41392746872646,0.0,157069.0,5756.3580894470215,0.05956686416146828
12423,14663,3216,11772,6604,18244,8771,17727,41627,28402,0,0,0,0,0,0,0,0,0,0,0,0,0,0,0,0,0,0,0,0,0,0,0,0,0,0,0,0,0,0,0,0,0,0,0,0,0,0,0,0,0,0,0,0,0,0,0,0,0,70.7042196734183,68.52536366433597,82.88024541374445,0.0,109505.0,2972.0755742788315,0.15578445400156188
1692,2937,1543,4866,4571,6734,3104,3463,5063,5280,0,0,0,0,0,0,0,0,0,0,0,0,0,0,0,0,0,0,0,0,0,0,0,0,0,0,0,0,0,0,0,0,0,0,0,0,0,0,0,0,0,0,0,0,0,0,0,0,0,64.70902263374487,62.138786008230454,76.08569958847737,0.0,35343.0,1767.9595794677734,0.14209166770976625
3632,6476,2444,12130,17650,19962,8581,11460,20829,13121,0,0,0,0,0,0,0,0,0,0,0,0,0,0,0,0,0,0,0,0,0,0,0,0,0,0,0,0,0,0,0,0,0,0,0,0,0,0,0,0,0,0,0,0,0,0,0,0,0,53.008673832083105,54.911670150346424,64.4131980180161,0.0,115734.0,1292.1950812339783,0.8709929913768714
4006,5269,3281,12950,21021,21306,7727,6434,9899,9367,0,0,0,0,0,0,0,0,0,0,0,0,0,0,0,0,0,0,0,0,0,0,0,0,0,0,0,0,0,0,0,0,0,0,0,0,0,0,0,0,0,0,0,0,0,0,0,0,0,29.95310295069444,27.06370889876816,31.31561077571115,0.0,69485.0,3415.1050119400024,0.07486740858160673
6283,8935,1274,8948,15918,17942,5584,10799,45602,21069,0,0,0,0,0,0,0,0,0,0,0,0,0,0,0,0,0,0,0,0,0,0,0,0,0,0,0,0,0,0,0,0,0,0,0,0,0,0,0,0,0,0,0,0,0,0,0,0,0,4.473538180776454,4.345449288586616,4.714402805334805,0.0,375769.0,2452.0,0.7853981633974483
1846,2308,1132,2981,5945,5747,2183,1956,1999,3621,0,0,0,0,0,0,0,0,0,0,0,0,0,0,0,0,0,0,0,0,0,0,0,0,0,0,0,0,0,0,0,0,0,0,0,0,0,0,0,0,0,0,0,0,0,0,0,0,0,49.45020576131687,50.345452674897125,61.99110082304527,0.0,18237.5,1257.8346899747849,0.1448531796873966
1584,2648,915,3331,3529,5887,2743,3055,4349,4636,0,0,0,0,0,0,0,0,0,0,0,0,0,0,0,0,0,0,0,0,0,0,0,0,0,0,0,0,0,0,0,0,0,0,0,0,0,0,0,0,0,0,0,0,0,0,0,0,0,51.96275720164609,51.152921810699596,61.42947530864198,0.0,16016.5,1288.93310713768,0.12114813256883643
6356,8592,1188,7631,12698,14417,5146,9412,56813,16611,0,0,0,0,0,0,0,0,0,0,0,0,0,0,0,0,0,0,0,0,0,0,0,0,0,0,0,0,0,0,0,0,0,0,0,0,0,0,0,0,0,0,0,0,0,0,0,0,0,3.610147057263207,3.271392799923607,3.748692293817441,0.0,375769.0,2452.0,0.7853981633974483
6458,8569,4187,16726,25295,29621,12314,12662,17584,15784,0,0,0,0,0,0,0,0,0,0,0,0,0,0,0,0,0,0,0,0,0,0,0,0,0,0,0,0,0,0,0,0,0,0,0,0,0,0,0,0,0,0,0,0,0,0,0,0,0,26.101207970376343,30.26421765748178,59.06167969951936,0.0,119196.5,3436.4359657764435,0.12684018181109427
3072,4140,2448,7376,9661,11613,5379,5274,8079,8181,0,0,0,0,0,0,0,0,0,0,0,0,0,0,0,0,0,0,0,0,0,0,0,0,0,0,0,0,0,0,0,0,0,0,0,0,0,0,0,0,0,0,0,0,0,0,0,0,0,11.238750543772348,11.064568324332354,14.639839679996605,0.0,32950.5,1662.1088547706604,0.14988319657030152
3777,5792,2633,12241,13117,19325,8900,10185,16692,11734,0,0,0,0,0,0,0,0,0,0,0,0,0,0,0,0,0,0,0,0,0,0,0,0,0,0,0,0,0,0,0,0,0,0,0,0,0,0,0,0,0,0,0,0,0,0,0,0,0,20.829104287578648,26.840555337457165,38.19047682203525,0.0,81943.5,2201.8632477521896,0.21239470653858344
1396,2168,973,3049,3314,4491,2281,2382,3039,4078,0,0,0,0,0,0,0,0,0,0,0,0,0,0,0,0,0,0,0,0,0,0,0,0,0,0,0,0,0,0,0,0,0,0,0,0,0,0,0,0,0,0,0,0,0,0,0,0,0,44.636944444444445,45.73309670781893,56.567386831275726,0.0,12365.5,1282.2468155622482,0.09451011409437468
1220,1812,767,2796,3850,5319,2333,2480,2898,3361,0,0,0,0,0,0,0,0,0,0,0,0,0,0,0,0,0,0,0,0,0,0,0,0,0,0,0,0,0,0,0,0,0,0,0,0,0,0,0,0,0,0,0,0,0,0,0,0,0,40.43230452674897,39.86369341563786,57.91055555555556,0.0,25074.0,1193.1656424999237,0.22132578183528592
4141,6025,2967,11672,15385,18848,8419,7800,10039,11443,0,0,0,0,0,0,0,0,0,0,0,0,0,0,0,0,0,0,0,0,0,0,0,0,0,0,0,0,0,0,0,0,0,0,0,0,0,0,0,0,0,0,0,0,0,0,0,0,0,23.11258740145784,25.752448301838747,43.9066727498435,0.0,54844.0,2232.708920955658,0.13825306587305075
2053,2561,1064,3223,5854,5825,2342,1940,2071,4011,0,0,0,0,0,0,0,0,0,0,0,0,0,0,0,0,0,0,0,0,0,0,0,0,0,0,0,0,0,0,0,0,0,0,0,0,0,0,0,0,0,0,0,0,0,0,0,0,0,42.222129629629634,38.79135802469136,53.27163580246914,0.0,8696.5,1276.9818778038025,0.06701698678686165
11503,16032,3286,12170,7197,18972,9873,18356,39905,32261,0,0,0,0,0,0,0,0,0,0,0,0,0,0,0,0,0,0,0,0,0,0,0,0,0,0,0,0,0,0,0,0,0,0,0,0,0,0,0,0,0,0,0,0,0,0,0,0,0,69.57266390094325,71.25122812974143,79.67866502562362,0.0,160255.0,7321.5035210847855,0.03756824447274085
2468,3018,2057,4904,7490,6700,3594,3260,4036,6212,0,0,0,0,0,0,0,0,0,0,0,0,0,0,0,0,0,0,0,0,0,0,0,0,0,0,0,0,0,0,0,0,0,0,0,0,0,0,0,0,0,0,0,0,0,0,0,0,0,9.897834459782068,11.043830703774047,16.170420906322615,0.0,43191.0,1900.4591406583786,0.15027476231655773
1246,1742,1341,4799,9126,8347,3075,2475,2499,3226,0,0,0,0,0,0,0,0,0,0,0,0,0,0,0,0,0,0,0,0,0,0,0,0,0,0,0,0,0,0,0,0,0,0,0,0,0,0,0,0,0,0,0,0,0,0,0,0,0,6.4248135258729535,5.906351791530945,10.380595550085413,0.0,29418.0,1062.1706947088242,0.32766826195408166
4587,8421,5808,24041,33894,34407,11654,10510,13079,13094,0,0,0,0,0,0,0,0,0,0,0,0,0,0,0,0,0,0,0,0,0,0,0,0,0,0,0,0,0,0,0,0,0,0,0,0,0,0,0,0,0,0,0,0,0,0,0,0,0,71.30536663518977,66.46336565905209,74.02970853802162,0.0,147641.5,5973.654550671577,0.0519921892003739
336,449,219,1254,3491,2928,645,705,888,778,0,0,0,0,0,0,0,0,0,0,0,0,0,0,0,0,0,0,0,0,0,0,0,0,0,0,0,0,0,0,0,0,0,0,0,0,0,0,0,0,0,0,0,0,0,0,0,0,0,13.686995884773664,13.334248971193416,17.390833333333333,0.0,11411.5,579.2274825572968,0.42741944829023026
8468,12437,3822,16543,13767,28030,13579,20979,40524,25770,0,0,0,0,0,0,0,0,0,0,0,0,0,0,0,0,0,0,0,0,0,0,0,0,0,0,0,0,0,0,0,0,0,0,0,0,0,0,0,0,0,0,0,0,0,0,0,0,0,36.38432503262634,50.54859468004966,66.7564536493756,0.0,181513.0,3727.320303082466,0.1641814809761537
1701,2279,740,3034,3118,5584,2463,3259,5102,4307,0,0,0,0,0,0,0,0,0,0,0,0,0,0,0,0,0,0,0,0,0,0,0,0,0,0,0,0,0,0,0,0,0,0,0,0,0,0,0,0,0,0,0,0,0,0,0,0,0,50.616543209876546,50.90890946502058,69.90659465020576,0.0,29155.5,1401.5748037099838,0.18650814158583218
7652,10634,2394,9417,6579,15105,6646,11347,19918,19419,0,0,0,0,0,0,0,0,0,0,0,0,0,0,0,0,0,0,0,0,0,0,0,0,0,0,0,0,0,0,0,0,0,0,0,0,0,0,0,0,0,0,0,0,0,0,0,0,0,32.79667688781844,31.73765769398084,39.812000657831916,0.0,53694.0,3774.1243460178375,0.047369981265849063
5511,8153,3505,12500,18984,19869,9537,12812,23174,17161,0,0,0,0,0,0,0,0,0,0,0,0,0,0,0,0,0,0,0,0,0,0,0,0,0,0,0,0,0,0,0,0,0,0,0,0,0,0,0,0,0,0,0,0,0,0,0,0,0,70.03620197561779,65.39555857356576,72.5519024074526,0.0,130615.5,1381.6925547122955,0.8597689296014901
1730,2286,948,3017,3965,5006,2108,2045,2360,3916,0,0,0,0,0,0,0,0,0,0,0,0,0,0,0,0,0,0,0,0,0,0,0,0,0,0,0,0,0,0,0,0,0,0,0,0,0,0,0,0,0,0,0,0,0,0,0,0,0,32.00797325102881,27.335092592592595,44.6420987654321,0.0,11433.0,1148.7392363548279,0.10887474662867426
7616,10838,5503,11846,12296,16274,11373,13013,18201,21812,0,0,0,0,0,0,0,0,0,0,0,0,0,0,0,0,0,0,0,0,0,0,0,0,0,0,0,0,0,0,0,0,0,0,0,0,0,0,0,0,0,0,0,0,0,0,0,0,0,48.403977761037254,47.47823053825505,62.27201084361638,0.0,114763.5,3526.0238403081894,0.11599603918464474
380,562,767,5589,5329,5009,2765,1554,1409,1125,0,0,0,0,0,0,0,0,0,0,0,0,0,0,0,0,0,0,0,0,0,0,0,0,0,0,0,0,0,0,0,0,0,0,0,0,0,0,0,0,0,0,0,0,0,0,0,0,0,2.967808677015141,3.1178924975331306,4.522443208946514,0.0,8071.0,520.5929262638092,0.37423179780636673
928,1395,530,4876,5910,6115,2131,2077,6157,3002,0,0,0,0,0,0,0,0,0,0,0,0,0,0,0,0,0,0,0,0,0,0,0,0,0,0,0,0,0,0,0,0,0,0,0,0,0,0,0,0,0,0,0,0,0,0,0,0,0,2.411810735392418,2.3192765970991736,2.2820984838035416,0.0,12681.5,643.6051182746887,0.38471711891639393
13652,16019,4838,12042,7549,17189,10011,18765,37294,33702,0,0,0,0,0,0,0,0,0,0,0,0,0,0,0,0,0,0,0,0,0,0,0,0,0,0,0,0,0,0,0,0,0,0,0,0,0,0,0,0,0,0,0,0,0,0,0,0,0,80.02469522223048,76.54081475665525,91.91674447474244,0.0,117874.5,4377.459473371506,0.07730106181147116
3295,5801,798,9047,17338,17048,4212,7123,37787,12474,0,0,0,0,0,0,0,0,0,0,0,0,0,0,0,0,0,0,0,0,0,0,0,0,0,0,0,0,0,0,0,0,0,0,0,0,0,0,0,0,0,0,0,0,0,0,0,0,0,5.820321701026006,5.099048796273701,6.168741843414785,0.0,112793.0,4595.856110334396,0.06710566210814377
3968,4926,2297,4747,5482,5608,3623,3700,3814,8520,0,0,0,0,0,0,0,0,0,0,0,0,0,0,0,0,0,0,0,0,0,0,0,0,0,0,0,0,0,0,0,0,0,0,0,0,0,0,0,0,0,0,0,0,0,0,0,0,0,58.74956790123457,64.8583950617284,100.9867901234568,0.0,40676.5,3437.534382224083,0.04325729315378465
1102,1499,787,1827,2073,2592,1454,1575,1785,2880,0,0,0,0,0,0,0,0,0,0,0,0,0,0,0,0,0,0,0,0,0,0,0,0,0,0,0,0,0,0,0,0,0,0,0,0,0,0,0,0,0,0,0,0,0,0,0,0,0,18.010092592592596,20.254804526748973,32.61684156378601,0.0,16235.0,1052.3128311634064,0.18423512152549626
9790,14568,1787,8671,12301,12939,5459,9188,73529,25782,0,0,0,0,0,0,0,0,0,0,0,0,0,0,0,0,0,0,0,0,0,0,0,0,0,0,0,0,0,0,0,0,0,0,0,0,0,0,0,0,0,0,0,0,0,0,0,0,0,2.9052403739031716,2.587908094515592,2.7498912455304567,0.0,375769.0,2452.0,0.7853981633974483
1963,3201,1586,5498,5369,8982,4016,4819,7212,5892,0,0,0,0,0,0,0,0,0,0,0,0,0,0,0,0,0,0,0,0,0,0,0,0,0,0,0,0,0,0,0,0,0,0,0,0,0,0,0,0,0,0,0,0,0,0,0,0,0,91.22364197530865,86.67805555555556,109.7912242798354,0.0,48124.5,1938.6773960590363,0.1609033184329647
2008,2903,1599,4487,5589,7632,3519,3700,4725,5403,0,0,0,0,0,0,0,0,0,0,0,0,0,0,0,0,0,0,0,0,0,0,0,0,0,0,0,0,0,0,0,0,0,0,0,0,0,0,0,0,0,0,0,0,0,0,0,0,0,43.79091563786009,52.18177983539095,71.01965020576132,0.0,21744.0,982.1564153432846,0.28326178521252365
189,265,168,885,1804,1370,385,233,174,421,0,0,0,0,0,0,0,0,0,0,0,0,0,0,0,0,0,0,0,0,0,0,0,0,0,0,0,0,0,0,0,0,0,0,0,0,0,0,0,0,0,0,0,0,0,0,0,0,0,5.896697530864198,4.503405349794239,7.080442386831276,0.0,2187.5,250.9533178806305,0.43648773204009156
14441,17223,4444,10588,6843,15837,10397,19909,42520,37288,0,0,0,0,0,0,0,0,0,0,0,0,0,0,0,0,0,0,0,0,0,0,0,0,0,0,0,0,0,0,0,0,0,0,0,0,0,0,0,0,0,0,0,0,0,0,0,0,0,80.78503750702926,80.4784878354147,99.79391293276322,0.0,171665.0,3326.924212217331,0.19489729273010248
631,686,240,910,3429,1598,405,629,1066,1396,0,0,0,0,0,0,0,0,0,0,0,0,0,0,0,0,0,0,0,0,0,0,0,0,0,0,0,0,0,0,0,0,0,0,0,0,0,0,0,0,0,0,0,0,0,0,0,0,0,5.01272633744856,3.4452572016460907,4.676851851851852,0.0,8855.5,738.2914115190506,0.20415843068024406
10350,16507,4305,14768,10454,22945,12776,19867,36745,34082,0,0,0,0,0,0,0,0,0,0,0,0,0,0,0,0,0,0,0,0,0,0,0,0,0,0,0,0,0,0,0,0,0,0,0,0,0,0,0,0,0,0,0,0,0,0,0,0,0,64.13379187047077,66.97925972689366,96.82885229551508,0.0,131325.0,5976.083925247192,0.04620871565855062
2710,4178,1463,10970,19033,18328,4691,4185,49649,7932,0,0,0,0,0,0,0,0,0,0,0,0,0,0,0,0,0,0,0,0,0,0,0,0,0,0,0,0,0,0,0,0,0,0,0,0,0,0,0,0,0,0,0,0,0,0,0,0,0,5.671916943415845,6.065438360088701,6.511615507856848,0.0,375523.5,2476.0416300296783,0.7697170372624504
990,1506,752,3528,6827,8152,2751,2367,2707,2814,0,0,0,0,0,0,0,0,0,0,0,0,0,0,0,0,0,0,0,0,0,0,0,0,0,0,0,0,0,0,0,0,0,0,0,0,0,0,0,0,0,0,0,0,0,0,0,0,0,41.82805555555556,47.574753086419754,68.11361111111111,0.0,31576.5,1235.8935642242432,0.25978358928967027
14264,16893,5700,10337,8471,13224,9930,15905,23974,35263,0,0,0,0,0,0,0,0,0,0,0,0,0,0,0,0,0,0,0,0,0,0,0,0,0,0,0,0,0,0,0,0,0,0,0,0,0,0,0,0,0,0,0,0,0,0,0,0,0,62.64609969336545,64.02462360343347,68.17758278602426,0.0,83435.0,4429.604574084282,0.05343529561944499
7035,10132,2973,8793,6437,13802,7686,12233,23594,21384,0,0,0,0,0,0,0,0,0,0,0,0,0,0,0,0,0,0,0,0,0,0,0,0,0,0,0,0,0,0,0,0,0,0,0,0,0,0,0,0,0,0,0,0,0,0,0,0,0,28.06832433235366,28.105587327186498,43.53050695498096,0.0,71442.0,3173.1353276968002,0.08916332994212726
12025,16787,6241,13638,13738,19206,12506,16002,23520,33127,0,0,0,0,0,0,0,0,0,0,0,0,0,0,0,0,0,0,0,0,0,0,0,0,0,0,0,0,0,0,0,0,0,0,0,0,0,0,0,0,0,0,0,0,0,0,0,0,0,66.06432959500897,62.23950651996308,77.43540515018728,0.0,153498.0,4509.604574680328,0.09484963423845001
1804,2882,1384,4934,6154,9092,4010,4338,5987,5692,0,0,0,0,0,0,0,0,0,0,0,0,0,0,0,0,0,0,0,0,0,0,0,0,0,0,0,0,0,0,0,0,0,0,0,0,0,0,0,0,0,0,0,0,0,0,0,0,0,61.39521604938272,55.6312962962963,81.70470164609054,0.0,46680.0,1628.6803619861603,0.22114085872793932
3121,5296,2015,12053,19436,21238,8155,11238,19504,10575,0,0,0,0,0,0,0,0,0,0,0,0,0,0,0,0,0,0,0,0,0,0,0,0,0,0,0,0,0,0,0,0,0,0,0,0,0,0,0,0,0,0,0,0,0,0,0,0,0,68.57697163895638,59.36399855701387,63.868229371133914,0.0,112093.5,1263.1240125894547,0.8828731537197242
1620,3177,1729,5797,5252,7061,3032,3441,4459,5301,0,0,0,0,0,0,0,0,0,0,0,0,0,0,0,0,0,0,0,0,0,0,0,0,0,0,0,0,0,0,0,0,0,0,0,0,0,0,0,0,0,0,0,0,0,0,0,0,0,73.91398148148149,63.811954732510294,77.80619341563786,0.0,34127.0,2256.11599445343,0.08425295225536751
1634,2335,1008,4357,6659,8745,3235,3579,4807,4216,0,0,0,0,0,0,0,0,0,0,0,0,0,0,0,0,0,0,0,0,0,0,0,0,0,0,0,0,0,0,0,0,0,0,0,0,0,0,0,0,0,0,0,0,0,0,0,0,0,47.44029835390947,50.76388888888889,85.27130658436215,0.0,31782.5,1255.0163677930832,0.25357074109645744
1757,2514,1132,2738,2876,3784,2145,2409,2596,4779,0,0,0,0,0,0,0,0,0,0,0,0,0,0,0,0,0,0,0,0,0,0,0,0,0,0,0,0,0,0,0,0,0,0,0,0,0,0,0,0,0,0,0,0,0,0,0,0,0,42.662551440329224,45.36758230452675,62.36120370370371,0.0,21173.5,1230.177834868431,0.1758193709291096
7079,9772,4528,10781,9338,13195,7189,9171,12816,18323,0,0,0,0,0,0,0,0,0,0,0,0,0,0,0,0,0,0,0,0,0,0,0,0,0,0,0,0,0,0,0,0,0,0,0,0,0,0,0,0,0,0,0,0,0,0,0,0,0,42.28030270878206,38.47412439389277,45.962015512100926,0.0,50355.0,2410.154660820961,0.10893379647916954
6991,7978,2226,11122,16200,18363,7656,12895,31385,16644,0,0,0,0,0,0,0,0,0,0,0,0,0,0,0,0,0,0,0,0,0,0,0,0,0,0,0,0,0,0,0,0,0,0,0,0,0,0,0,0,0,0,0,0,0,0,0,0,0,69.33470116393808,69.49350390985582,71.73812984753154,0.0,130853.0,1410.5626145601273,0.826435205760286
623,829,367,1495,3545,2412,844,1079,2065,1698,0,0,0,0,0,0,0,0,0,0,0,0,0,0,0,0,0,0,0,0,0,0,0,0,0,0,0,0,0,0,0,0,0,0,0,0,0,0,0,0,0,0,0,0,0,0,0,0,0,7.239454732510288,6.494043209876544,9.925987654320988,0.0,11479.0,808.8183219432831,0.22050170838412814
8070,10912,5491,11431,12103,15055,10551,11901,16328,21780,0,0,0,0,0,0,0,0,0,0,0,0,0,0,0,0,0,0,0,0,0,0,0,0,0,0,0,0,0,0,0,0,0,0,0,0,0,0,0,0,0,0,0,0,0,0,0,0,0,45.916134388693784,48.493002578276695,59.821234177550956,0.0,113867.5,4207.577223181725,0.08082495262483916
1116,1481,554,3894,5472,5138,1727,1853,5544,3266,0,0,0,0,0,0,0,0,0,0,0,0,0,0,0,0,0,0,0,0,0,0,0,0,0,0,0,0,0,0,0,0,0,0,0,0,0,0,0,0,0,0,0,0,0,0,0,0,0,2.614834109645726,2.4990424301584104,2.4662595889611563,0.0,9615.5,561.8061295747757,0.38283249141527925
1106,1703,1429,7531,6938,7940,4294,3753,8664,3278,0,0,0,0,0,0,0,0,0,0,0,0,0,0,0,0,0,0,0,0,0,0,0,0,0,0,0,0,0,0,0,0,0,0,0,0,0,0,0,0,0,0,0,0,0,0,0,0,0,3.4767955097666823,3.590878948317754,4.67560663773621,0.0,12693.0,640.6761860847473,0.3885947965513281
6991,11080,3039,12867,14664,18956,7825,9732,60801,20073,0,0,0,0,0,0,0,0,0,0,0,0,0,0,0,0,0,0,0,0,0,0,0,0,0,0,0,0,0,0,0,0,0,0,0,0,0,0,0,0,0,0,0,0,0,0,0,0,0,5.961233010429819,4.784249700262072,5.370436291101232,0.0,375769.0,2452.0,0.7853981633974483
267,455,349,1501,2254,2280,792,508,417,682,0,0,0,0,0,0,0,0,0,0,0,0,0,0,0,0,0,0,0,0,0,0,0,0,0,0,0,0,0,0,0,0,0,0,0,0,0,0,0,0,0,0,0,0,0,0,0,0,0,2.983742533077274,2.8541231206697155,2.6307653131598214,0.0,3133.0,320.9949471950531,0.3820972099500961
1928,2347,1374,2946,3453,3619,2308,1965,2108,4405,0,0,0,0,0,0,0,0,0,0,0,0,0,0,0,0,0,0,0,0,0,0,0,0,0,0,0,0,0,0,0,0,0,0,0,0,0,0,0,0,0,0,0,0,0,0,0,0,0,36.41454732510288,35.00729423868313,55.6005658436214,0.0,19886.0,1313.9351942539215,0.14474694555603346
8661,11489,2480,11167,7987,19136,8304,15275,33525,22317,0,0,0,0,0,0,0,0,0,0,0,0,0,0,0,0,0,0,0,0,0,0,0,0,0,0,0,0,0,0,0,0,0,0,0,0,0,0,0,0,0,0,0,0,0,0,0,0,0,45.63992190898578,50.27637163259027,59.270551942195674,0.0,112578.5,4013.4695789813995,0.08782645853338195
528,960,1102,5387,4273,4663,3132,2442,2161,1915,0,0,0,0,0,0,0,0,0,0,0,0,0,0,0,0,0,0,0,0,0,0,0,0,0,0,0,0,0,0,0,0,0,0,0,0,0,0,0,0,0,0,0,0,0,0,0,0,0,2.4024737662999076,2.606210675975342,3.6955511464312623,0.0,10079.0,632.4751752614975,0.31662145556711974
354,658,550,2104,2833,2606,1157,660,769,1111,0,0,0,0,0,0,0,0,0,0,0,0,0,0,0,0,0,0,0,0,0,0,0,0,0,0,0,0,0,0,0,0,0,0,0,0,0,0,0,0,0,0,0,0,0,0,0,0,0,2.2084345722501038,1.7603210644144767,2.6533199291239167,0.0,4739.0,362.85281205177307,0.45230937186341436
1875,3195,2111,5661,5450,7384,3450,3636,4812,5684,0,0,0,0,0,0,0,0,0,0,0,0,0,0,0,0,0,0,0,0,0,0,0,0,0,0,0,0,0,0,0,0,0,0,0,0,0,0,0,0,0,0,0,0,0,0,0,0,0,71.47041152263375,75.15060699588479,104.67751028806585,0.0,29500.5,1646.5209802389145,0.13674287385117997
1301,1610,512,2638,3632,3442,1484,1876,4843,3361,0,0,0,0,0,0,0,0,0,0,0,0,0,0,0,0,0,0,0,0,0,0,0,0,0,0,0,0,0,0,0,0,0,0,0,0,0,0,0,0,0,0,0,0,0,0,0,0,0,1.182999289117126,1.170792263047884,1.1493755901919385,0.0,6188.5,420.69343090057373,0.43940378958154336
4905,7342,4651,12561,17421,20537,9021,9170,11528,14601,0,0,0,0,0,0,0,0,0,0,0,0,0,0,0,0,0,0,0,0,0,0,0,0,0,0,0,0,0,0,0,0,0,0,0,0,0,0,0,0,0,0,0,0,0,0,0,0,0,26.637802523103694,25.692206283355794,39.42667561459538,0.0,98461.5,2630.760658621788,0.17877781885626506
4104,5972,2490,12736,17992,21225,8318,11590,23051,11753,0,0,0,0,0,0,0,0,0,0,0,0,0,0,0,0,0,0,0,0,0,0,0,0,0,0,0,0,0,0,0,0,0,0,0,0,0,0,0,0,0,0,0,0,0,0,0,0,0,62.65922450105572,55.01887287928785,66.8936513915267,0.0,118661.5,1336.0356998443604,0.8353790354161679
1335,1601,627,3333,5266,7599,2371,3194,5484,3085,0,0,0,0,0,0,0,0,0,0,0,0,0,0,0,0,0,0,0,0,0,0,0,0,0,0,0,0,0,0,0,0,0,0,0,0,0,0,0,0,0,0,0,0,0,0,0,0,0,6.850934757928466,7.410105147004213,8.734710713111015,0.0,32948.0,1037.8275488615036,0.3844045608816774
10122,13400,4133,9786,7236,14117,7938,12905,21165,26508,0,0,0,0,0,0,0,0,0,0,0,0,0,0,0,0,0,0,0,0,0,0,0,0,0,0,0,0,0,0,0,0,0,0,0,0,0,0,0,0,0,0,0,0,0,0,0,0,0,49.0050239259833,43.85098250379315,63.871828878821,0.0,60179.0,2939.9292637109756,0.08749456341376255
702,918,538,1927,4429,4353,1302,1036,1001,1495,0,0,0,0,0,0,0,0,0,0,0,0,0,0,0,0,0,0,0,0,0,0,0,0,0,0,0,0,0,0,0,0,0,0,0,0,0,0,0,0,0,0,0,0,0,0,0,0,0,19.805473251028808,23.306718106995888,35.544074074074075,0.0,16853.0,694.322935461998,0.4393028915461678
1831,3012,1065,3454,3476,5445,2838,3389,5015,5628,0,0,0,0,0,0,0,0,0,0,0,0,0,0,0,0,0,0,0,0,0,0,0,0,0,0,0,0,0,0,0,0,0,0,0,0,0,0,0,0,0,0,0,0,0,0,0,0,0,57.52632716049383,56.180164609053506,66.36597736625515,0.0,27527.5,1439.4427734613419,0.1669505399065651
1924,2895,1837,4895,6601,7746,3544,3351,3744,5290,0,0,0,0,0,0,0,0,0,0,0,0,0,0,0,0,0,0,0,0,0,0,0,0,0,0,0,0,0,0,0,0,0,0,0,0,0,0,0,0,0,0,0,0,0,0,0,0,0,49.763930041152264,48.70460905349795,71.61852880658437,0.0,40067.0,2682.909931540489,0.06994948216732669
9443,14036,5313,18440,16574,29158,14153,19866,33308,27955,0,0,0,0,0,0,0,0,0,0,0,0,0,0,0,0,0,0,0,0,0,0,0,0,0,0,0,0,0,0,0,0,0,0,0,0,0,0,0,0,0,0,0,0,0,0,0,0,0,78.16372056997953,78.68097008986834,76.72786979172193,0.0,190950.5,5681.96913921833,0.07432465855565798
2388,3627,2240,9982,9939,11549,5875,6248,16889,7112,0,0,0,0,0,0,0,0,0,0,0,0,0,0,0,0,0,0,0,0,0,0,0,0,0,0,0,0,0,0,0,0,0,0,0,0,0,0,0,0,0,0,0,0,0,0,0,0,0,4.94726469246358,5.470217190633322,6.841555348067354,0.0,44001.0,1988.999121427536,0.13976654452201256
7447,12481,1752,10435,13934,16110,5762,9479,74543,24208,0,0,0,0,0,0,0,0,0,0,0,0,0,0,0,0,0,0,0,0,0,0,0,0,0,0,0,0,0,0,0,0,0,0,0,0,0,0,0,0,0,0,0,0,0,0,0,0,0,3.921137094292778,3.2129253360778365,3.4351478530276185,0.0,375769.0,2452.0,0.7853981633974483
7925,11701,3715,13844,11992,24182,11047,16924,31469,24161,0,0,0,0,0,0,0,0,0,0,0,0,0,0,0,0,0,0,0,0,0,0,0,0,0,0,0,0,0,0,0,0,0,0,0,0,0,0,0,0,0,0,0,0,0,0,0,0,0,46.35179948858874,50.159415484514426,55.697537904911464,0.0,147653.5,5006.160044431686,0.0740362052392102
2264,3566,1336,4436,4383,7540,3608,4576,6483,6592,0,0,0,0,0,0,0,0,0,0,0,0,0,0,0,0,0,0,0,0,0,0,0,0,0,0,0,0,0,0,0,0,0,0,0,0,0,0,0,0,0,0,0,0,0,0,0,0,0,74.50236625514404,70.15314814814815,89.79257201646091,0.0,41946.0,2767.135327100754,0.06883980298923831
6507,9553,1164,9209,16616,17296,4999,9354,48396,19880,0,0,0,0,0,0,0,0,0,0,0,0,0,0,0,0,0,0,0,0,0,0,0,0,0,0,0,0,0,0,0,0,0,0,0,0,0,0,0,0,0,0,0,0,0,0,0,0,0,4.531536143619562,4.228999777185965,4.729901643518764,0.0,375769.0,2452.0,0.7853981633974483
1468,1622,1112,1793,2133,2062,1202,1220,1212,2516,0,0,0,0,0,0,0,0,0,0,0,0,0,0,0,0,0,0,0,0,0,0,0,0,0,0,0,0,0,0,0,0,0,0,0,0,0,0,0,0,0,0,0,0,0,0,0,0,0,16.997088477366255,18.184783950617284,32.50069958847737,0.0,14667.0,1042.45496571064,0.16960417985687345
1704,2850,1604,5555,6304,9067,4021,4377,5997,5263,0,0,0,0,0,0,0,0,0,0,0,0,0,0,0,0,0,0,0,0,0,0,0,0,0,0,0,0,0,0,0,0,0,0,0,0,0,0,0,0,0,0,0,0,0,0,0,0,0,85.10319958847737,84.2741255144033,113.24158436213993,0.0,44265.5,1701.1139062643051,0.19222437098788883
1790,2119,1082,3442,5582,6262,2232,2198,2881,3464,0,0,0,0,0,0,0,0,0,0,0,0,0,0,0,0,0,0,0,0,0,0,0,0,0,0,0,0,0,0,0,0,0,0,0,0,0,0,0,0,0,0,0,0,0,0,0,0,0,37.35708847736626,34.56703703703704,50.358209876543214,0.0,16595.5,1033.3107435703278,0.19531622235336035
1080,1500,969,3204,7205,6427,2063,1598,1645,2504,0,0,0,0,0,0,0,0,0,0,0,0,0,0,0,0,0,0,0,0,0,0,0,0,0,0,0,0,0,0,0,0,0,0,0,0,0,0,0,0,0,0,0,0,0,0,0,0,0,32.34597736625515,34.20643004115227,53.40614197530865,0.0,25317.5,1230.7219903469086,0.21004423277440043
2730,3946,2056,7471,13622,14590,5528,5544,7960,7150,0,0,0,0,0,0,0,0,0,0,0,0,0,0,0,0,0,0,0,0,0,0,0,0,0,0,0,0,0,0,0,0,0,0,0,0,0,0,0,0,0,0,0,0,0,0,0,0,0,19.003756008021305,18.93850332629524,22.254172458063216,0.0,68447.0,2425.8804956674576,0.14615897090460322
3361,3904,1958,3595,4119,4153,2691,2564,2511,6512,0,0,0,0,0,0,0,0,0,0,0,0,0,0,0,0,0,0,0,0,0,0,0,0,0,0,0,0,0,0,0,0,0,0,0,0,0,0,0,0,0,0,0,0,0,0,0,0,0,57.353467078189304,51.83139917695474,68.77183127572017,0.0,17337.0,2257.2286928892136,0.04275950695082335
3906,6703,2527,12297,9816,16465,9259,11864,19514,13651,0,0,0,0,0,0,0,0,0,0,0,0,0,0,0,0,0,0,0,0,0,0,0,0,0,0,0,0,0,0,0,0,0,0,0,0,0,0,0,0,0,0,0,0,0,0,0,0,0,19.298732612547614,32.75602924168957,51.60240161699328,0.0,83068.5,1787.8733537197113,0.32656732500450897
1925,3113,1453,5145,6318,10030,4150,4497,6124,5742,0,0,0,0,0,0,0,0,0,0,0,0,0,0,0,0,0,0,0,0,0,0,0,0,0,0,0,0,0,0,0,0,0,0,0,0,0,0,0,0,0,0,0,0,0,0,0,0,0,61.745874485596715,66.0169547325103,100.19075102880659,0.0,24461.5,1241.6782730817795,0.1993768751873684
9991,13823,7250,17049,18889,23285,15020,18770,26943,31456,0,0,0,0,0,0,0,0,0,0,0,0,0,0,0,0,0,0,0,0,0,0,0,0,0,0,0,0,0,0,0,0,0,0,0,0,0,0,0,0,0,0,0,0,0,0,0,0,0,55.746869993315585,57.39778140882132,90.75954121529142,0.0,373414.0,2678.8183224201202,0.6539039171851839
1636,2903,1752,5597,5061,6799,3052,3275,4281,5084,0,0,0,0,0,0,0,0,0,0,0,0,0,0,0,0,0,0,0,0,0,0,0,0,0,0,0,0,0,0,0,0,0,0,0,0,0,0,0,0,0,0,0,0,0,0,0,0,0,77.93664609053499,76.84325102880659,90.06847736625515,0.0,30085.0,1643.9595800638199,0.13988708138808467
2248,3454,2611,5612,5190,5512,3152,3009,3257,5728,0,0,0,0,0,0,0,0,0,0,0,0,0,0,0,0,0,0,0,0,0,0,0,0,0,0,0,0,0,0,0,0,0,0,0,0,0,0,0,0,0,0,0,0,0,0,0,0,0,69.11369341563787,70.21149176954734,86.90800411522635,0.0,35645.0,2107.9250898361206,0.10080872845513639
7695,7484,2358,10844,16872,19019,7537,12298,31405,16383,0,0,0,0,0,0,0,0,0,0,0,0,0,0,0,0,0,0,0,0,0,0,0,0,0,0,0,0,0,0,0,0,0,0,0,0,0,0,0,0,0,0,0,0,0,0,0,0,0,68.76210622924381,68.55227906927395,71.11267758809113,0.0,131291.0,1412.4204748868942,0.8270215209801416
360,614,556,3308,4337,3989,1484,785,736,1004,0,0,0,0,0,0,0,0,0,0,0,0,0,0,0,0,0,0,0,0,0,0,0,0,0,0,0,0,0,0,0,0,0,0,0,0,0,0,0,0,0,0,0,0,0,0,0,0,0,3.3913198018016106,3.163704654691297,3.8498657810692953,0.0,5113.0,404.65180122852325,0.3923943097810875
896,1149,687,3437,4130,3245,1493,1373,2614,2303,0,0,0,0,0,0,0,0,0,0,0,0,0,0,0,0,0,0,0,0,0,0,0,0,0,0,0,0,0,0,0,0,0,0,0,0,0,0,0,0,0,0,0,0,0,0,0,0,0,1.809037761673864,1.7609364555592102,2.074181158420779,0.0,9119.5,518.9777021408081,0.4254842553853733
11391,16871,5813,16287,15158,23965,13648,17965,26997,33388,0,0,0,0,0,0,0,0,0,0,0,0,0,0,0,0,0,0,0,0,0,0,0,0,0,0,0,0,0,0,0,0,0,0,0,0,0,0,0,0,0,0,0,0,0,0,0,0,0,54.25272947193074,60.094685354751775,79.05808549692836,0.0,106402.0,5624.971229195595,0.04225898331985156
12153,16066,3049,8642,4740,12874,9586,18206,44463,35772,0,0,0,0,0,0,0,0,0,0,0,0,0,0,0,0,0,0,0,0,0,0,0,0,0,0,0,0,0,0,0,0,0,0,0,0,0,0,0,0,0,0,0,0,0,0,0,0,0,80.88660622393871,80.19756708293988,79.79470339207843,0.0,108649.5,3201.0247156620026,0.13324764473426465
2236,3246,1381,4278,5161,7507,3339,3607,4466,5867,0,0,0,0,0,0,0,0,0,0,0,0,0,0,0,0,0,0,0,0,0,0,0,0,0,0,0,0,0,0,0,0,0,0,0,0,0,0,0,0,0,0,0,0,0,0,0,0,0,50.81828189300412,52.266193415637865,66.48542181069959,0.0,25687.5,2170.628625869751,0.0685110543309817
940,1310,678,2348,4016,4598,1675,1537,1780,2350,0,0,0,0,0,0,0,0,0,0,0,0,0,0,0,0,0,0,0,0,0,0,0,0,0,0,0,0,0,0,0,0,0,0,0,0,0,0,0,0,0,0,0,0,0,0,0,0,0,29.29703703703704,29.165041152263377,38.97152263374486,0.0,11106.5,553.7127639055252,0.45521652108421384
1979,3085,1204,4764,5601,9052,3804,4715,6759,5882,0,0,0,0,0,0,0,0,0,0,0,0,0,0,0,0,0,0,0,0,0,0,0,0,0,0,0,0,0,0,0,0,0,0,0,0,0,0,0,0,0,0,0,0,0,0,0,0,0,57.80635802469136,55.93167695473252,96.12927983539096,0.0,47169.5,1647.765708565712,0.21831331063694592
2280,3262,909,4204,4050,7893,3355,4661,7264,5944,0,0,0,0,0,0,0,0,0,0,0,0,0,0,0,0,0,0,0,0,0,0,0,0,0,0,0,0,0,0,0,0,0,0,0,0,0,0,0,0,0,0,0,0,0,0,0,0,0,54.60845679012346,56.74743827160494,86.36365226337449,0.0,43986.0,1983.7139738798141,0.140464387133079
2522,3923,3211,14904,32579,28228,9004,8062,10056,7290,0,0,0,0,0,0,0,0,0,0,0,0,0,0,0,0,0,0,0,0,0,0,0,0,0,0,0,0,0,0,0,0,0,0,0,0,0,0,0,0,0,0,0,0,0,0,0,0,0,52.05348332608304,53.19300735286316,66.28357330051247,0.0,119268.5,1305.266152381897,0.8797058274901183
409,599,637,3003,3374,3052,1419,768,636,977,0,0,0,0,0,0,0,0,0,0,0,0,0,0,0,0,0,0,0,0,0,0,0,0,0,0,0,0,0,0,0,0,0,0,0,0,0,0,0,0,0,0,0,0,0,0,0,0,0,3.112781037464589,2.9778963172023047,2.9662755042493822,0.0,5993.0,487.22034299373627,0.3172512305963118
7683,11785,4675,12567,11244,18826,11467,15746,26593,26910,0,0,0,0,0,0,0,0,0,0,0,0,0,0,0,0,0,0,0,0,0,0,0,0,0,0,0,0,0,0,0,0,0,0,0,0,0,0,0,0,0,0,0,0,0,0,0,0,0,55.2353154940636,59.4681296353277,65.25787806767181,0.0,77044.0,2222.895652413368,0.19593432888955836
2710,3676,717,6059,10996,8278,2449,3746,18076,6985,0,0,0,0,0,0,0,0,0,0,0,0,0,0,0,0,0,0,0,0,0,0,0,0,0,0,0,0,0,0,0,0,0,0,0,0,0,0,0,0,0,0,0,0,0,0,0,0,0,3.934023172659657,3.5398120934970136,3.5966668081358955,0.0,19942.0,923.8721433877945,0.2935991750964754
8444,12863,3501,13069,9163,20597,10454,17102,33373,26183,0,0,0,0,0,0,0,0,0,0,0,0,0,0,0,0,0,0,0,0,0,0,0,0,0,0,0,0,0,0,0,0,0,0,0,0,0,0,0,0,0,0,0,0,0,0,0,0,0,52.11320014005454,58.847006334284714,68.48028095788816,0.0,131727.0,4989.005715847015,0.06650536206448028
4056,5699,3311,9199,9266,11141,6814,7439,13536,11753,0,0,0,0,0,0,0,0,0,0,0,0,0,0,0,0,0,0,0,0,0,0,0,0,0,0,0,0,0,0,0,0,0,0,0,0,0,0,0,0,0,0,0,0,0,0,0,0,0,6.935320268650066,6.40589555326847,9.624338189264607,0.0,46142.5,2297.609293103218,0.10983952006409571
11039,15625,2585,11660,6910,18794,10363,18576,44841,31039,0,0,0,0,0,0,0,0,0,0,0,0,0,0,0,0,0,0,0,0,0,0,0,0,0,0,0,0,0,0,0,0,0,0,0,0,0,0,0,0,0,0,0,0,0,0,0,0,0,38.40219524875596,56.41759063756645,74.0500694967586,0.0,149117.0,4028.589416384697,0.11545985477081186
2067,2905,1292,3649,4216,6045,2870,3081,3665,5358,0,0,0,0,0,0,0,0,0,0,0,0,0,0,0,0,0,0,0,0,0,0,0,0,0,0,0,0,0,0,0,0,0,0,0,0,0,0,0,0,0,0,0,0,0,0,0,0,0,54.78884773662552,48.10312757201646,69.98490740740742,0.0,29292.0,1505.6996940374374,0.16236116735789954
6411,9224,797,6748,12056,14005,4297,9607,64732,19330,0,0,0,0,0,0,0,0,0,0,0,0,0,0,0,0,0,0,0,0,0,0,0,0,0,0,0,0,0,0,0,0,0,0,0,0,0,0,0,0,0,0,0,0,0,0,0,0,0,3.3530037453978294,2.9446651953866887,3.2305196872115354,0.0,375769.0,2452.0,0.7853981633974483
386,670,637,2946,3619,3551,1507,884,968,1140,0,0,0,0,0,0,0,0,0,0,0,0,0,0,0,0,0,0,0,0,0,0,0,0,0,0,0,0,0,0,0,0,0,0,0,0,0,0,0,0,0,0,0,0,0,0,0,0,0,3.058613353987841,2.6746941612112596,3.443946354868487,0.0,5230.5,395.0365775823593,0.4211903867668559
7895,11477,4122,14146,14003,24215,11445,16100,27204,24016,0,0,0,0,0,0,0,0,0,0,0,0,0,0,0,0,0,0,0,0,0,0,0,0,0,0,0,0,0,0,0,0,0,0,0,0,0,0,0,0,0,0,0,0,0,0,0,0,0,45.7886555825526,49.656054706150734,55.497686978111176,0.0,163949.5,3767.396422982216,0.1451567775419581
6265,8540,2168,7278,4932,10833,5644,9273,17263,15857,0,0,0,0,0,0,0,0,0,0,0,0,0,0,0,0,0,0,0,0,0,0,0,0,0,0,0,0,0,0,0,0,0,0,0,0,0,0,0,0,0,0,0,0,0,0,0,0,0,30.538538870438945,26.635574382752072,38.81002981463995,0.0,64740.0,2427.5861191749573,0.13804900093670572
10735,13604,2597,11410,14551,18225,9052,15330,49765,33542,0,0,0,0,0,0,0,0,0,0,0,0,0,0,0,0,0,0,0,0,0,0,0,0,0,0,0,0,0,0,0,0,0,0,0,0,0,0,0,0,0,0,0,0,0,0,0,0,0,4.122911118420355,3.9862040976562088,4.046955405362391,0.0,375769.0,2452.0,0.7853981633974483
2460,3598,1325,4938,5607,8965,3785,4235,5971,6690,0,0,0,0,0,0,0,0,0,0,0,0,0,0,0,0,0,0,0,0,0,0,0,0,0,0,0,0,0,0,0,0,0,0,0,0,0,0,0,0,0,0,0,0,0,0,0,0,0,65.0537962962963,62.265925925925934,89.7241975308642,0.0,27782.5,1543.4915438890457,0.14654556444703695
418,683,734,2374,2711,2776,1292,820,772,1171,0,0,0,0,0,0,0,0,0,0,0,0,0,0,0,0,0,0,0,0,0,0,0,0,0,0,0,0,0,0,0,0,0,0,0,0,0,0,0,0,0,0,0,0,0,0,0,0,0,2.838632240129869,2.6973124383282583,3.2503395261488186,0.0,4783.5,380.89444184303284,0.4143299920831662
11584,11575,2894,10734,15334,17158,7529,13442,38533,25552,0,0,0,0,0,0,0,0,0,0,0,0,0,0,0,0,0,0,0,0,0,0,0,0,0,0,0,0,0,0,0,0,0,0,0,0,0,0,0,0,0,0,0,0,0,0,0,0,0,5.741429617290369,5.567947670532313,5.897078483591338,0.0,375769.0,2452.0,0.7853981633974483
8207,11568,4789,14676,16651,25840,12042,14681,21116,22305,0,0,0,0,0,0,0,0,0,0,0,0,0,0,0,0,0,0,0,0,0,0,0,0,0,0,0,0,0,0,0,0,0,0,0,0,0,0,0,0,0,0,0,0,0,0,0,0,0,66.80586796676889,64.01003193667837,68.52458381521289,0.0,150516.5,6667.859740495682,0.042542309560610184
1612,2205,1206,3636,6205,6208,2392,2089,2161,3566,0,0,0,0,0,0,0,0,0,0,0,0,0,0,0,0,0,0,0,0,0,0,0,0,0,0,0,0,0,0,0,0,0,0,0,0,0,0,0,0,0,0,0,0,0,0,0,0,0,35.621574074074076,38.586316872427986,58.970226337448565,0.0,26699.5,1589.2072722911835,0.13284704695878935
3588,6036,3626,13538,16592,20455,9807,9755,12496,12445,0,0,0,0,0,0,0,0,0,0,0,0,0,0,0,0,0,0,0,0,0,0,0,0,0,0,0,0,0,0,0,0,0,0,0,0,0,0,0,0,0,0,0,0,0,0,0,0,0,38.69762278644866,40.21330465044722,49.38438604123121,0.0,87254.5,2381.970894932747,0.19325235591981707
1881,2780,1016,3479,3871,6443,2732,3264,4742,5128,0,0,0,0,0,0,0,0,0,0,0,0,0,0,0,0,0,0,0,0,0,0,0,0,0,0,0,0,0,0,0,0,0,0,0,0,0,0,0,0,0,0,0,0,0,0,0,0,0,53.3964609053498,56.1087962962963,71.61776748971194,0.0,13259.5,1103.383898615837,0.13686226637072088
1965,2695,671,5867,9838,8806,2499,3365,25286,5561,0,0,0,0,0,0,0,0,0,0,0,0,0,0,0,0,0,0,0,0,0,0,0,0,0,0,0,0,0,0,0,0,0,0,0,0,0,0,0,0,0,0,0,0,0,0,0,0,0,3.066661184734056,2.829202431856041,2.94148744283759,0.0,38666.0,1863.8031643629074,0.139874652677945
11402,15164,4398,15127,12027,22904,9868,17759,35275,29412,0,0,0,0,0,0,0,0,0,0,0,0,0,0,0,0,0,0,0,0,0,0,0,0,0,0,0,0,0,0,0,0,0,0,0,0,0,0,0,0,0,0,0,0,0,0,0,0,0,81.5686081549937,77.53891553226029,85.14271238952138,0.0,96954.5,5708.149941921234,0.03739272277414145
1978,3080,1033,4169,4197,7112,3329,4127,6174,5754,0,0,0,0,0,0,0,0,0,0,0,0,0,0,0,0,0,0,0,0,0,0,0,0,0,0,0,0,0,0,0,0,0,0,0,0,0,0,0,0,0,0,0,0,0,0,0,0,0,56.7675925925926,56.75453703703704,93.1887962962963,0.0,37282.5,1834.6773961782455,0.1391859730240143
5537,10202,4669,21509,21793,30704,12353,16143,24169,19077,0,0,0,0,0,0,0,0,0,0,0,0,0,0,0,0,0,0,0,0,0,0,0,0,0,0,0,0,0,0,0,0,0,0,0,0,0,0,0,0,0,0,0,0,0,0,0,0,0,55.34149433946249,53.379343547411644,80.82062939659838,0.0,80898.5,3315.593258857727,0.09247574466589042
685,1197,1382,5064,4526,5036,3045,1968,3189,2092,0,0,0,0,0,0,0,0,0,0,0,0,0,0,0,0,0,0,0,0,0,0,0,0,0,0,0,0,0,0,0,0,0,0,0,0,0,0,0,0,0,0,0,0,0,0,0,0,0,3.726631051788348,3.7425198145338414,3.562772549310868,0.0,7550.5,488.0071396827698,0.3984127462029921
11862,11608,2961,10544,15797,17001,7712,13476,37761,25729,0,0,0,0,0,0,0,0,0,0,0,0,0,0,0,0,0,0,0,0,0,0,0,0,0,0,0,0,0,0,0,0,0,0,0,0,0,0,0,0,0,0,0,0,0,0,0,0,0,5.675861282347824,5.49729705354964,5.853706670627806,0.0,375769.0,2452.0,0.7853981633974483
13511,15144,5761,9829,8435,12984,10193,16939,27266,34528,0,0,0,0,0,0,0,0,0,0,0,0,0,0,0,0,0,0,0,0,0,0,0,0,0,0,0,0,0,0,0,0,0,0,0,0,0,0,0,0,0,0,0,0,0,0,0,0,0,67.5445177137158,72.64017124850132,76.41707604324715,0.0,135156.5,2464.632802248001,0.2796033382479448
9161,10555,1492,6926,3533,11409,5901,12363,37086,22255,0,0,0,0,0,0,0,0,0,0,0,0,0,0,0,0,0,0,0,0,0,0,0,0,0,0,0,0,0,0,0,0,0,0,0,0,0,0,0,0,0,0,0,0,0,0,0,0,0,52.809080202442466,53.659455272734995,55.446914556122614,0.0,98347.0,2546.978912591934,0.19051109888494394
3067,4978,3357,13235,23717,22072,7870,6259,6674,9008,0,0,0,0,0,0,0,0,0,0,0,0,0,0,0,0,0,0,0,0,0,0,0,0,0,0,0,0,0,0,0,0,0,0,0,0,0,0,0,0,0,0,0,0,0,0,0,0,0,21.978113826141392,25.374072934460845,40.37852391006801,0.0,75281.5,2940.1475200653076,0.10943591794391179
2931,5318,2265,13369,21538,24053,8971,10687,17728,10581,0,0,0,0,0,0,0,0,0,0,0,0,0,0,0,0,0,0,0,0,0,0,0,0,0,0,0,0,0,0,0,0,0,0,0,0,0,0,0,0,0,0,0,0,0,0,0,0,0,50.578939829600316,51.88465925367909,61.24230761069083,0.0,116885.5,1305.2661488056183,0.8621291964144157
2793,4665,1034,8002,13259,12223,4558,5582,16067,9912,0,0,0,0,0,0,0,0,0,0,0,0,0,0,0,0,0,0,0,0,0,0,0,0,0,0,0,0,0,0,0,0,0,0,0,0,0,0,0,0,0,0,0,0,0,0,0,0,0,7.1714050016445805,6.138181837473077,10.696596250358095,0.0,19589.5,914.6589412689209,0.29424889926662656
9381,10176,2213,12494,18450,21972,8679,16037,44285,20414,0,0,0,0,0,0,0,0,0,0,0,0,0,0,0,0,0,0,0,0,0,0,0,0,0,0,0,0,0,0,0,0,0,0,0,0,0,0,0,0,0,0,0,0,0,0,0,0,0,76.59320523294677,81.39367791700708,89.8397197848253,0.0,163442.5,1546.7463775873184,0.858492776788931
381,774,772,4162,4285,4120,1859,1015,1208,1148,0,0,0,0,0,0,0,0,0,0,0,0,0,0,0,0,0,0,0,0,0,0,0,0,0,0,0,0,0,0,0,0,0,0,0,0,0,0,0,0,0,0,0,0,0,0,0,0,0,3.850666850576664,3.934792411590574,3.872356735880487,0.0,5786.0,420.4507910013199,0.4112992765466833
8329,13638,4411,17576,14367,28869,13365,20919,37827,28462,0,0,0,0,0,0,0,0,0,0,0,0,0,0,0,0,0,0,0,0,0,0,0,0,0,0,0,0,0,0,0,0,0,0,0,0,0,0,0,0,0,0,0,0,0,0,0,0,0,30.517321138685823,41.281788135683136,63.38490594064659,0.0,158791.5,4623.524277210236,0.0933449506680693
9959,11817,4843,9686,9552,13842,9676,14068,22417,26858,0,0,0,0,0,0,0,0,0,0,0,0,0,0,0,0,0,0,0,0,0,0,0,0,0,0,0,0,0,0,0,0,0,0,0,0,0,0,0,0,0,0,0,0,0,0,0,0,0,37.88699349595221,32.94820634701695,45.02316470201276,0.0,90953.5,3192.9170721769333,0.11211249093646324
1324,1875,1433,7592,7428,7850,4417,4201,9147,3849,0,0,0,0,0,0,0,0,0,0,0,0,0,0,0,0,0,0,0,0,0,0,0,0,0,0,0,0,0,0,0,0,0,0,0,0,0,0,0,0,0,0,0,0,0,0,0,0,0,2.7618966779488376,3.7590982397691226,4.901189933049688,0.0,12915.0,739.7300094366074,0.2965908846598855
6698,10414,4011,14652,14231,23303,10764,13470,20599,19549,0,0,0,0,0,0,0,0,0,0,0,0,0,0,0,0,0,0,0,0,0,0,0,0,0,0,0,0,0,0,0,0,0,0,0,0,0,0,0,0,0,0,0,0,0,0,0,0,0,39.14323759403283,33.06825536610468,58.413190060371996,0.0,101525.5,3259.642029643059,0.12007295068438611
4820,7594,3550,14365,22648,23521,10064,12473,22099,14674,0,0,0,0,0,0,0,0,0,0,0,0,0,0,0,0,0,0,0,0,0,0,0,0,0,0,0,0,0,0,0,0,0,0,0,0,0,0,0,0,0,0,0,0,0,0,0,0,0,68.86066430413055,63.159895595709244,73.8285923458074,0.0,135194.5,1442.663117647171,0.8162797634852015
1205,1679,1108,4580,9517,8310,2781,2279,2394,2998,0,0,0,0,0,0,0,0,0,0,0,0,0,0,0,0,0,0,0,0,0,0,0,0,0,0,0,0,0,0,0,0,0,0,0,0,0,0,0,0,0,0,0,0,0,0,0,0,0,6.702179863977337,6.397736315504674,10.944829653365023,0.0,30297.0,1077.4011427164078,0.32798548714829834
5288,8032,2882,13865,14146,24458,10533,14213,25544,15573,0,0,0,0,0,0,0,0,0,0,0,0,0,0,0,0,0,0,0,0,0,0,0,0,0,0,0,0,0,0,0,0,0,0,0,0,0,0,0,0,0,0,0,0,0,0,0,0,0,26.810446264681854,29.453423909006993,49.66587974408217,0.0,121260.0,2766.629835128784,0.19907893825722578
2108,3195,1241,10044,18375,18904,4091,4029,65297,6332,0,0,0,0,0,0,0,0,0,0,0,0,0,0,0,0,0,0,0,0,0,0,0,0,0,0,0,0,0,0,0,0,0,0,0,0,0,0,0,0,0,0,0,0,0,0,0,0,0,5.868510541225902,4.322544536281552,5.939577608250485,0.0,375769.0,2452.0,0.7853981633974483
8908,10537,5876,12823,19070,19913,9698,9899,12122,20174,0,0,0,0,0,0,0,0,0,0,0,0,0,0,0,0,0,0,0,0,0,0,0,0,0,0,0,0,0,0,0,0,0,0,0,0,0,0,0,0,0,0,0,0,0,0,0,0,0,47.54555751254655,47.46223036849197,55.592534138293246,0.0,118054.0,6096.019119501114,0.03992067995795822
374,497,352,1468,4022,2977,698,481,459,788,0,0,0,0,0,0,0,0,0,0,0,0,0,0,0,0,0,0,0,0,0,0,0,0,0,0,0,0,0,0,0,0,0,0,0,0,0,0,0,0,0,0,0,0,0,0,0,0,0,12.705833333333334,13.22485596707819,23.636450617283952,0.0,11824.5,709.5950132608414,0.2951015835994271
1054,1374,798,2519,4994,4525,1625,1339,1342,2244,0,0,0,0,0,0,0,0,0,0,0,0,0,0,0,0,0,0,0,0,0,0,0,0,0,0,0,0,0,0,0,0,0,0,0,0,0,0,0,0,0,0,0,0,0,0,0,0,0,25.245154320987655,26.09108024691358,32.56603909465021,0.0,9733.5,873.2863576412201,0.1603856637500282
4499,5814,844,7938,17964,15625,2346,5380,69623,10165,0,0,0,0,0,0,0,0,0,0,0,0,0,0,0,0,0,0,0,0,0,0,0,0,0,0,0,0,0,0,0,0,0,0,0,0,0,0,0,0,0,0,0,0,0,0,0,0,0,3.7459336438582906,4.038830650723085,5.085099046143726,0.0,375769.0,2452.0,0.7853981633974483
6153,8440,2647,14395,16481,27658,10713,15872,28748,16139,0,0,0,0,0,0,0,0,0,0,0,0,0,0,0,0,0,0,0,0,0,0,0,0,0,0,0,0,0,0,0,0,0,0,0,0,0,0,0,0,0,0,0,0,0,0,0,0,0,52.88229583337755,53.112924275058624,64.52834247578224,0.0,135627.0,2452.047015786171,0.2834643407275534
682,894,900,3917,4802,4300,2054,1224,1171,1653,0,0,0,0,0,0,0,0,0,0,0,0,0,0,0,0,0,0,0,0,0,0,0,0,0,0,0,0,0,0,0,0,0,0,0,0,0,0,0,0,0,0,0,0,0,0,0,0,0,3.7340847117741305,3.8986647073178498,4.130943033878344,0.0,6309.0,506.8771971464157,0.3085779455444973
3387,5488,2781,11986,19538,22366,9370,10302,16176,10695,0,0,0,0,0,0,0,0,0,0,0,0,0,0,0,0,0,0,0,0,0,0,0,0,0,0,0,0,0,0,0,0,0,0,0,0,0,0,0,0,0,0,0,0,0,0,0,0,0,53.703129476174816,51.40201752803743,59.67129889972308,0.0,111511.0,1365.8763201236725,0.7511122116297745
1595,2486,1600,4523,5760,7233,3367,3217,3815,4598,0,0,0,0,0,0,0,0,0,0,0,0,0,0,0,0,0,0,0,0,0,0,0,0,0,0,0,0,0,0,0,0,0,0,0,0,0,0,0,0,0,0,0,0,0,0,0,0,0,46.22843621399177,36.296707818930045,59.32077160493828,0.0,32663.0,1120.783832192421,0.3267549835877621
6002,7771,2316,11881,16852,19835,8389,13523,29443,15852,0,0,0,0,0,0,0,0,0,0,0,0,0,0,0,0,0,0,0,0,0,0,0,0,0,0,0,0,0,0,0,0,0,0,0,0,0,0,0,0,0,0,0,0,0,0,0,0,0,70.47927033708581,67.69624080892105,70.66327494190921,0.0,131265.5,1414.1189616918564,0.8248758137265194
7026,10116,5291,19083,32751,32536,14384,16480,26737,21362,0,0,0,0,0,0,0,0,0,0,0,0,0,0,0,0,0,0,0,0,0,0,0,0,0,0,0,0,0,0,0,0,0,0,0,0,0,0,0,0,0,0,0,0,0,0,0,0,0,92.73168946089615,87.48791233859245,100.1430863987947,0.0,185063.5,1644.4864908456802,0.8599436919845223
6119,9390,834,7128,12637,14917,4321,9531,61652,19615,0,0,0,0,0,0,0,0,0,0,0,0,0,0,0,0,0,0,0,0,0,0,0,0,0,0,0,0,0,0,0,0,0,0,0,0,0,0,0,0,0,0,0,0,0,0,0,0,0,3.6749938991395137,3.261639380789186,3.584449171874503,0.0,375769.0,2452.0,0.7853981633974483
1941,2801,1291,3546,3748,5118,2705,2790,3324,5162,0,0,0,0,0,0,0,0,0,0,0,0,0,0,0,0,0,0,0,0,0,0,0,0,0,0,0,0,0,0,0,0,0,0,0,0,0,0,0,0,0,0,0,0,0,0,0,0,0,48.54951646090535,46.93047325102881,58.464485596707824,0.0,16839.5,1726.3199709653854,0.07100623196034148
3852,6422,2376,11365,9779,15127,8419,10425,17973,12911,0,0,0,0,0,0,0,0,0,0,0,0,0,0,0,0,0,0,0,0,0,0,0,0,0,0,0,0,0,0,0,0,0,0,0,0,0,0,0,0,0,0,0,0,0,0,0,0,0,18.300857303525767,29.48891765429872,46.03765557194241,0.0,69728.0,1740.3170051574707,0.2893079346647913
13644,16884,2864,9484,4753,14799,8319,16971,44626,34125,0,0,0,0,0,0,0,0,0,0,0,0,0,0,0,0,0,0,0,0,0,0,0,0,0,0,0,0,0,0,0,0,0,0,0,0,0,0,0,0,0,0,0,0,0,0,0,0,0,79.51276406115716,79.56957898757547,79.83820783244386,0.0,117295.0,4718.648291707039,0.06619941437197967
4810,7247,2670,11385,11069,19779,9090,12592,21104,14807,0,0,0,0,0,0,0,0,0,0,0,0,0,0,0,0,0,0,0,0,0,0,0,0,0,0,0,0,0,0,0,0,0,0,0,0,0,0,0,0,0,0,0,0,0,0,0,0,0,34.66532270899426,41.19474211927978,49.32788942057741,0.0,103568.5,2372.657185792923,0.23118921121818778
2996,3528,2162,3787,4923,4663,2744,2114,1915,5299,0,0,0,0,0,0,0,0,0,0,0,0,0,0,0,0,0,0,0,0,0,0,0,0,0,0,0,0,0,0,0,0,0,0,0,0,0,0,0,0,0,0,0,0,0,0,0,0,0,40.412448559670786,44.41597736625515,61.50180041152264,0.0,19860.0,1566.6702568531036,0.10167961924956481
3183,5401,3485,15198,27112,28471,10720,10914,14953,10202,0,0,0,0,0,0,0,0,0,0,0,0,0,0,0,0,0,0,0,0,0,0,0,0,0,0,0,0,0,0,0,0,0,0,0,0,0,0,0,0,0,0,0,0,0,0,0,0,0,54.888998822268675,48.389309170389076,65.06784687370688,0.0,129059.5,1361.8935661315918,0.874406758830441
4428,6607,3606,12536,15173,18125,8964,9137,12746,13035,0,0,0,0,0,0,0,0,0,0,0,0,0,0,0,0,0,0,0,0,0,0,0,0,0,0,0,0,0,0,0,0,0,0,0,0,0,0,0,0,0,0,0,0,0,0,0,0,0,30.806578849642968,35.04776973760995,47.014986896412694,0.0,78310.0,2511.3851078748703,0.1560272516788612
2108,3121,1829,9441,9811,10967,5419,5248,18843,5933,0,0,0,0,0,0,0,0,0,0,0,0,0,0,0,0,0,0,0,0,0,0,0,0,0,0,0,0,0,0,0,0,0,0,0,0,0,0,0,0,0,0,0,0,0,0,0,0,0,3.77620982715997,5.542175513798555,7.263501469511613,0.0,23955.0,1018.014279961586,0.29046800319253246
1472,2302,909,3135,3871,5596,2273,2514,3238,3989,0,0,0,0,0,0,0,0,0,0,0,0,0,0,0,0,0,0,0,0,0,0,0,0,0,0,0,0,0,0,0,0,0,0,0,0,0,0,0,0,0,0,0,0,0,0,0,0,0,44.503662551440335,46.347849794238684,64.47728395061729,0.0,14257.0,805.0336122512817,0.2764457937150039
7216,10397,1754,9804,15316,16264,6496,10353,42503,23083,0,0,0,0,0,0,0,0,0,0,0,0,0,0,0,0,0,0,0,0,0,0,0,0,0,0,0,0,0,0,0,0,0,0,0,0,0,0,0,0,0,0,0,0,0,0,0,0,0,4.727087290050823,4.336048658341203,4.88906778851765,0.0,375769.0,2452.0,0.7853981633974483
6625,8333,679,5679,11421,12876,3459,8446,78750,16356,0,0,0,0,0,0,0,0,0,0,0,0,0,0,0,0,0,0,0,0,0,0,0,0,0,0,0,0,0,0,0,0,0,0,0,0,0,0,0,0,0,0,0,0,0,0,0,0,0,3.2063841526170043,2.9221848507676476,3.429421001814343,0.0,375769.0,2452.0,0.7853981633974483
382,543,717,2041,2273,2259,1131,677,536,1006,0,0,0,0,0,0,0,0,0,0,0,0,0,0,0,0,0,0,0,0,0,0,0,0,0,0,0,0,0,0,0,0,0,0,0,0,0,0,0,0,0,0,0,0,0,0,0,0,0,2.5224432089465143,2.309814958248894,2.579884136701716,0.0,3465.5,342.066015124321,0.37218246713992637
2528,3421,2279,10096,11024,10988,5999,5633,18008,5795,0,0,0,0,0,0,0,0,0,0,0,0,0,0,0,0,0,0,0,0,0,0,0,0,0,0,0,0,0,0,0,0,0,0,0,0,0,0,0,0,0,0,0,0,0,0,0,0,0,5.965599104499783,5.495678999246676,9.706195821706332,0.0,22637.5,1107.9970363378525,0.2317187248200865
2351,3350,1031,3614,3485,6546,2868,3805,6079,5898,0,0,0,0,0,0,0,0,0,0,0,0,0,0,0,0,0,0,0,0,0,0,0,0,0,0,0,0,0,0,0,0,0,0,0,0,0,0,0,0,0,0,0,0,0,0,0,0,0,65.77592592592593,62.52319958847737,77.15627572016461,0.0,34629.0,2888.2135343551636,0.05216644200546847
9018,11112,2684,11275,15151,17332,8394,12676,39523,27207,0,0,0,0,0,0,0,0,0,0,0,0,0,0,0,0,0,0,0,0,0,0,0,0,0,0,0,0,0,0,0,0,0,0,0,0,0,0,0,0,0,0,0,0,0,0,0,0,0,4.5293133083640145,4.3395977676155715,4.565708919988541,0.0,375769.0,2452.0,0.7853981633974483
1347,2684,1589,7198,7916,10297,4877,4754,4776,5082,0,0,0,0,0,0,0,0,0,0,0,0,0,0,0,0,0,0,0,0,0,0,0,0,0,0,0,0,0,0,0,0,0,0,0,0,0,0,0,0,0,0,0,0,0,0,0,0,0,14.274077178537704,16.25179046992541,17.703071120117986,0.0,19137.5,863.2762538194656,0.3226974086371064
1965,2614,1318,4064,6382,7935,3240,2832,3138,4520,0,0,0,0,0,0,0,0,0,0,0,0,0,0,0,0,0,0,0,0,0,0,0,0,0,0,0,0,0,0,0,0,0,0,0,0,0,0,0,0,0,0,0,0,0,0,0,0,0,51.58877572016461,54.27,70.35461934156379,0.0,17132.0,1356.8224974870682,0.11694236099208423
3187,4522,1875,10226,17794,15506,5294,5496,21982,8932,0,0,0,0,0,0,0,0,0,0,0,0,0,0,0,0,0,0,0,0,0,0,0,0,0,0,0,0,0,0,0,0,0,0,0,0,0,0,0,0,0,0,0,0,0,0,0,0,0,8.157086547337373,7.821581661343887,14.365457458434573,0.0,41189.0,2048.2884459495544,0.1233698059742495
1077,1638,823,5553,7134,6956,2674,2186,20393,2905,0,0,0,0,0,0,0,0,0,0,0,0,0,0,0,0,0,0,0,0,0,0,0,0,0,0,0,0,0,0,0,0,0,0,0,0,0,0,0,0,0,0,0,0,0,0,0,0,0,2.2419893049263124,2.038448683805664,3.4215880274591775,0.0,18503.0,898.5584359169006,0.2879780331470012
4234,6427,1601,10969,14904,17905,7316,11946,25933,13182,0,0,0,0,0,0,0,0,0,0,0,0,0,0,0,0,0,0,0,0,0,0,0,0,0,0,0,0,0,0,0,0,0,0,0,0,0,0,0,0,0,0,0,0,0,0,0,0,0,48.50438466190623,49.317849526254925,61.69008955002175,0.0,113867.5,1281.3250234127045,0.8715474454306398
2676,3694,1393,4016,4166,6507,3067,3706,4998,6650,0,0,0,0,0,0,0,0,0,0,0,0,0,0,0,0,0,0,0,0,0,0,0,0,0,0,0,0,0,0,0,0,0,0,0,0,0,0,0,0,0,0,0,0,0,0,0,0,0,73.3338888888889,65.35639917695474,84.6028497942387,0.0,22061.5,1339.7026594877243,0.154464279349516
6519,10187,1660,9350,14066,15163,6176,9372,42980,22813,0,0,0,0,0,0,0,0,0,0,0,0,0,0,0,0,0,0,0,0,0,0,0,0,0,0,0,0,0,0,0,0,0,0,0,0,0,0,0,0,0,0,0,0,0,0,0,0,0,3.703994206835086,3.209723710596399,4.4542647667349256,0.0,375769.0,2452.0,0.7853981633974483
10108,14292,5065,14919,12497,22974,11886,18178,33250,27967,0,0,0,0,0,0,0,0,0,0,0,0,0,0,0,0,0,0,0,0,0,0,0,0,0,0,0,0,0,0,0,0,0,0,0,0,0,0,0,0,0,0,0,0,0,0,0,0,0,74.72377425755181,72.70307377266603,91.71293594627,0.0,109141.0,3000.4633157253265,0.1523425251549404
689,960,441,1394,2623,2556,994,938,1128,1754,0,0,0,0,0,0,0,0,0,0,0,0,0,0,0,0,0,0,0,0,0,0,0,0,0,0,0,0,0,0,0,0,0,0,0,0,0,0,0,0,0,0,0,0,0,0,0,0,0,22.080000000000002,20.251234567901236,22.80269547325103,0.0,11580.5,1067.2518677711487,0.12776247840228325
12157,15112,3398,11206,6911,16620,9125,17565,41449,31575,0,0,0,0,0,0,0,0,0,0,0,0,0,0,0,0,0,0,0,0,0,0,0,0,0,0,0,0,0,0,0,0,0,0,0,0,0,0,0,0,0,0,0,0,0,0,0,0,0,74.30620218782163,69.52713821897315,85.31847287504377,0.0,95703.5,4533.175203204155,0.05852382133981783
951,1349,522,2483,3582,5335,1821,2120,2784,2500,0,0,0,0,0,0,0,0,0,0,0,0,0,0,0,0,0,0,0,0,0,0,0,0,0,0,0,0,0,0,0,0,0,0,0,0,0,0,0,0,0,0,0,0,0,0,0,0,0,34.615236625514406,33.199506172839506,50.49486625514404,0.0,22611.5,1191.2661465406418,0.20022653749738348
1934,2479,853,4304,5920,8675,3240,4631,8388,4852,0,0,0,0,0,0,0,0,0,0,0,0,0,0,0,0,0,0,0,0,0,0,0,0,0,0,0,0,0,0,0,0,0,0,0,0,0,0,0,0,0,0,0,0,0,0,0,0,0,7.904693949007417,9.06462933293722,10.624083544652994,0.0,44660.0,1300.704746246338,0.3317195998294019
134,144,117,338,780,487,152,94,107,242,0,0,0,0,0,0,0,0,0,0,0,0,0,0,0,0,0,0,0,0,0,0,0,0,0,0,0,0,0,0,0,0,0,0,0,0,0,0,0,0,0,0,0,0,0,0,0,0,0,1.590679012345679,2.215843621399177,3.7076851851851855,0.0,2483.5,236.55129635334015,0.5577291754317201
6482,11345,3611,10786,7484,14932,9948,12483,22342,23735,0,0,0,0,0,0,0,0,0,0,0,0,0,0,0,0,0,0,0,0,0,0,0,0,0,0,0,0,0,0,0,0,0,0,0,0,0,0,0,0,0,0,0,0,0,0,0,0,0,51.688588207832446,52.38773355685472,56.19902067926451,0.0,84686.5,4012.7303413152695,0.06609126992399392
4069,7071,963,8988,16742,15728,5075,7567,32623,14670,0,0,0,0,0,0,0,0,0,0,0,0,0,0,0,0,0,0,0,0,0,0,0,0,0,0,0,0,0,0,0,0,0,0,0,0,0,0,0,0,0,0,0,0,0,0,0,0,0,6.254824984880477,5.2999342168086665,7.079571136033274,0.0,107057.0,4347.0865569114685,0.07119153511452854
9802,13155,2928,13263,9048,21745,11478,19056,43799,27209,0,0,0,0,0,0,0,0,0,0,0,0,0,0,0,0,0,0,0,0,0,0,0,0,0,0,0,0,0,0,0,0,0,0,0,0,0,0,0,0,0,0,0,0,0,0,0,0,0,52.52472705280693,54.83340672049571,71.20564674426254,0.0,167207.5,3200.318215608597,0.20515367010609692
1143,1538,808,3103,6323,6622,2214,1819,2001,2723,0,0,0,0,0,0,0,0,0,0,0,0,0,0,0,0,0,0,0,0,0,0,0,0,0,0,0,0,0,0,0,0,0,0,0,0,0,0,0,0,0,0,0,0,0,0,0,0,0,29.84874485596708,29.6412962962963,52.294156378600825,0.0,25692.0,1142.3128306865692,0.24742163220735633
4528,6609,3837,8462,9465,11880,7464,7772,9971,12809,0,0,0,0,0,0,0,0,0,0,0,0,0,0,0,0,0,0,0,0,0,0,0,0,0,0,0,0,0,0,0,0,0,0,0,0,0,0,0,0,0,0,0,0,0,0,0,0,0,33.46588292713981,32.99866576833707,42.83488418975268,0.0,79302.5,2525.4267399311066,0.15625257871289877
1570,2041,739,2676,2727,4895,1951,2554,4554,3555,0,0,0,0,0,0,0,0,0,0,0,0,0,0,0,0,0,0,0,0,0,0,0,0,0,0,0,0,0,0,0,0,0,0,0,0,0,0,0,0,0,0,0,0,0,0,0,0,0,45.27687242798354,45.270648148148155,62.1096913580247,0.0,20073.5,915.9869300127029,0.30064529565618836
2744,4631,3210,13085,24480,23799,9086,8601,11100,9311,0,0,0,0,0,0,0,0,0,0,0,0,0,0,0,0,0,0,0,0,0,0,0,0,0,0,0,0,0,0,0,0,0,0,0,0,0,0,0,0,0,0,0,0,0,0,0,0,0,47.05230559475432,42.59599306093433,60.47441882672496,0.0,109460.5,1406.2610969543457,0.6955612296297593
6781,9676,1564,6918,3620,10871,5503,10234,24282,18722,0,0,0,0,0,0,0,0,0,0,0,0,0,0,0,0,0,0,0,0,0,0,0,0,0,0,0,0,0,0,0,0,0,0,0,0,0,0,0,0,0,0,0,0,0,0,0,0,0,23.475352523634204,26.109001156510946,33.805072202357586,0.0,77061.0,3407.953649520874,0.0833790889757368
10197,13251,3392,10863,7332,16185,8868,15718,33971,26999,0,0,0,0,0,0,0,0,0,0,0,0,0,0,0,0,0,0,0,0,0,0,0,0,0,0,0,0,0,0,0,0,0,0,0,0,0,0,0,0,0,0,0,0,0,0,0,0,0,65.99856762405967,59.950301859966686,76.56878057061614,0.0,145818.5,6343.404772520065,0.04553838675916264
11087,13227,2635,14206,9464,24050,10716,20722,46917,26903,0,0,0,0,0,0,0,0,0,0,0,0,0,0,0,0,0,0,0,0,0,0,0,0,0,0,0,0,0,0,0,0,0,0,0,0,0,0,0,0,0,0,0,0,0,0,0,0,0,67.64756389988223,69.63446031257627,93.04265297244534,0.0,175807.5,4915.890054106712,0.09142036270350741
1342,1670,975,2987,5322,5887,2105,1841,2083,2905,0,0,0,0,0,0,0,0,0,0,0,0,0,0,0,0,0,0,0,0,0,0,0,0,0,0,0,0,0,0,0,0,0,0,0,0,0,0,0,0,0,0,0,0,0,0,0,0,0,36.164660493827164,36.8333024691358,49.633693415637865,0.0,25596.0,1429.5575587749481,0.1573905572880171
11489,14204,7002,15815,16004,20705,11836,16292,24448,29265,0,0,0,0,0,0,0,0,0,0,0,0,0,0,0,0,0,0,0,0,0,0,0,0,0,0,0,0,0,0,0,0,0,0,0,0,0,0,0,0,0,0,0,0,0,0,0,0,0,81.95693588260883,75.83178601364472,89.64707848359134,0.0,149524.0,5940.569207549095,0.053243261505914546
1691,2555,1583,5289,8023,8583,3602,3098,3265,4677,0,0,0,0,0,0,0,0,0,0,0,0,0,0,0,0,0,0,0,0,0,0,0,0,0,0,0,0,0,0,0,0,0,0,0,0,0,0,0,0,0,0,0,0,0,0,0,0,0,60.08410493827161,56.78097736625515,82.62018518518519,0.0,37890.5,1918.8885118961334,0.1293125615248856
1493,2054,619,2864,3223,5654,2218,3040,4408,3731,0,0,0,0,0,0,0,0,0,0,0,0,0,0,0,0,0,0,0,0,0,0,0,0,0,0,0,0,0,0,0,0,0,0,0,0,0,0,0,0,0,0,0,0,0,0,0,0,0,45.7808950617284,42.050792181069966,63.39930041152264,0.0,26569.5,1205.5504183769226,0.2297325268761541
2529,3689,1109,7593,13480,11837,3170,3721,22426,7017,0,0,0,0,0,0,0,0,0,0,0,0,0,0,0,0,0,0,0,0,0,0,0,0,0,0,0,0,0,0,0,0,0,0,0,0,0,0,0,0,0,0,0,0,0,0,0,0,0,5.182667720612421,4.986761132744114,8.165526955193158,0.0,27898.0,1614.8569867610931,0.13443575800813584
359,659,509,1089,1353,1665,703,555,551,1046,0,0,0,0,0,0,0,0,0,0,0,0,0,0,0,0,0,0,0,0,0,0,0,0,0,0,0,0,0,0,0,0,0,0,0,0,0,0,0,0,0,0,0,0,0,0,0,0,0,1.8109820793854579,1.5601465267535997,2.001323621470785,0.0,4683.0,438.39191603660583,0.30620265181948597
4837,6921,1002,7580,16627,14770,4365,8039,31638,15768,0,0,0,0,0,0,0,0,0,0,0,0,0,0,0,0,0,0,0,0,0,0,0,0,0,0,0,0,0,0,0,0,0,0,0,0,0,0,0,0,0,0,0,0,0,0,0,0,0,4.97817218219822,4.800056234018398,5.191643943171811,0.0,109558.5,4288.074366569519,0.0748740498849938
2484,3620,1452,4739,5819,8701,3810,4442,5821,6367,0,0,0,0,0,0,0,0,0,0,0,0,0,0,0,0,0,0,0,0,0,0,0,0,0,0,0,0,0,0,0,0,0,0,0,0,0,0,0,0,0,0,0,0,0,0,0,0,0,59.284629629629634,57.25756172839507,86.83610082304527,0.0,34327.0,1785.2976727485657,0.13533945906685688
361,651,602,3114,3998,4037,1515,1011,865,1126,0,0,0,0,0,0,0,0,0,0,0,0,0,0,0,0,0,0,0,0,0,0,0,0,0,0,0,0,0,0,0,0,0,0,0,0,0,0,0,0,0,0,0,0,0,0,0,0,0,2.947426497893877,2.885229551507178,4.912163524281425,0.0,5853.5,417.8650051355362,0.42126316170664596
6289,9536,954,8477,14454,16942,4603,10259,51005,21148,0,0,0,0,0,0,0,0,0,0,0,0,0,0,0,0,0,0,0,0,0,0,0,0,0,0,0,0,0,0,0,0,0,0,0,0,0,0,0,0,0,0,0,0,0,0,0,0,0,3.767856953389426,3.5853324703710387,3.9831483623168418,0.0,375769.0,2452.0,0.7853981633974483
1921,2749,1168,3805,5231,7106,2906,2988,3622,4749,0,0,0,0,0,0,0,0,0,0,0,0,0,0,0,0,0,0,0,0,0,0,0,0,0,0,0,0,0,0,0,0,0,0,0,0,0,0,0,0,0,0,0,0,0,0,0,0,0,55.49376543209877,51.67263374485597,70.05382716049384,0.0,21844.0,1616.562611937523,0.10504054624565229
1741,2767,1078,4492,6407,9072,3724,4358,7044,5194,0,0,0,0,0,0,0,0,0,0,0,0,0,0,0,0,0,0,0,0,0,0,0,0,0,0,0,0,0,0,0,0,0,0,0,0,0,0,0,0,0,0,0,0,0,0,0,0,0,64.72115226337449,54.827283950617286,78.69198559670782,0.0,41715.5,1179.8204090595245,0.37659583134722985
531,932,462,1995,2641,3243,1303,1031,1069,1484,0,0,0,0,0,0,0,0,0,0,0,0,0,0,0,0,0,0,0,0,0,0,0,0,0,0,0,0,0,0,0,0,0,0,0,0,0,0,0,0,0,0,0,0,0,0,0,0,0,16.681028806584365,15.565133744855968,23.47792181069959,0.0,5185.5,500.8355668783188,0.259782670610589
4921,7876,3807,13181,15030,20980,10097,11410,17027,15964,0,0,0,0,0,0,0,0,0,0,0,0,0,0,0,0,0,0,0,0,0,0,0,0,0,0,0,0,0,0,0,0,0,0,0,0,0,0,0,0,0,0,0,0,0,0,0,0,0,39.58760039894323,42.91261445744783,52.15140478944074,0.0,97361.5,2682.8480912446976,0.16998279066955152
754,1245,858,6370,6604,6937,3164,2258,6294,2411,0,0,0,0,0,0,0,0,0,0,0,0,0,0,0,0,0,0,0,0,0,0,0,0,0,0,0,0,0,0,0,0,0,0,0,0,0,0,0,0,0,0,0,0,0,0,0,0,0,3.5088966461182616,3.274281424736602,5.439007310422392,0.0,13268.5,765.830513715744,0.2842931267678886
8665,11582,2500,11308,14927,16310,6589,8976,48269,25949,0,0,0,0,0,0,0,0,0,0,0,0,0,0,0,0,0,0,0,0,0,0,0,0,0,0,0,0,0,0,0,0,0,0,0,0,0,0,0,0,0,0,0,0,0,0,0,0,0,4.41407335886853,4.256583624229435,4.355820751413808,0.0,375769.0,2452.0,0.7853981633974483
871,1223,609,2392,3749,4721,1717,1729,1925,2331,0,0,0,0,0,0,0,0,0,0,0,0,0,0,0,0,0,0,0,0,0,0,0,0,0,0,0,0,0,0,0,0,0,0,0,0,0,0,0,0,0,0,0,0,0,0,0,0,0,28.624320987654322,28.46803497942387,38.014989711934156,0.0,18776.0,1026.1706948280334,0.22406484604667026
3828,6136,3600,12962,22426,20902,9934,10673,14275,12850,0,0,0,0,0,0,0,0,0,0,0,0,0,0,0,0,0,0,0,0,0,0,0,0,0,0,0,0,0,0,0,0,0,0,0,0,0,0,0,0,0,0,0,0,0,0,0,0,0,53.55089974429437,52.458551284363764,61.71040276289404,0.0,117036.5,1283.810304760933,0.8923381794471893
406,442,234,789,1807,1546,403,387,422,684,0,0,0,0,0,0,0,0,0,0,0,0,0,0,0,0,0,0,0,0,0,0,0,0,0,0,0,0,0,0,0,0,0,0,0,0,0,0,0,0,0,0,0,0,0,0,0,0,0,4.6890123456790125,4.452160493827161,10.038683127572018,0.0,6075.0,452.416300535202,0.3729749445071846
